"","Tumor_Names"
"1","metastatic malignant neoplasm"
"2","colorectal adenocarcinoma"
"3","classic hodgkin lymphoma"
"4","stomach neoplasm"
"5","mycosis fungoides"
"6","myeloid sarcoma"
"7","sebaceous adenocarcinoma"
"8","testicular mixed germ cell tumor"
"9","adult b acute lymphoblastic leukemia"
"10","adult t acute lymphoblastic leukemia"
"11","childhood b acute lymphoblastic leukemia"
"12","childhood t acute lymphoblastic leukemia"
"13","colon adenocarcinoma"
"14","colon carcinoma"
"15","colorectal carcinoma"
"16","erythroleukemia"
"17","laryngeal adenoid cystic carcinoma"
"18","meningothelial meningioma"
"19","myelodysplastic/myeloproliferative neoplasm"
"20","ovarian endometrioid adenocarcinoma"
"21","ovarian endometrioid adenocarcinoma with squamous differentiation"
"22","ovarian granulosa cell tumor"
"23","ovarian small cell carcinoma"
"24","pancreatic acinar cell carcinoma"
"25","parotid gland squamous cell carcinoma"
"26","pineoblastoma"
"27","placental choriocarcinoma"
"28","pleural epithelioid mesothelioma"
"29","colonic neoplasm"
"30","lymphoid leukemia"
"31","ovarian mucinous adenocarcinoma"
"32","skin squamous cell carcinoma"
"33","thymus cancer"
"34","undifferentiated high grade pleomorphic sarcoma of bone"
"35","small cell osteogenic sarcoma"
"36","liver cancer"
"37","uterine cancer"
"38","uterine corpus adenosarcoma"
"39","cervical cancer"
"40","biliary tract cancer"
"41","mastocytoma"
"42","salivary gland adenoid cystic carcinoma"
"43","bile duct adenocarcinoma"
"44","hypopharynx cancer"
"45","lymphoma"
"46","mesothelioma"
"47","metastatic melanoma"
"48","pancreatic carcinoma"
"49","renal carcinoma"
"50","thyroid carcinoma"
"51","lymphoid neoplasm"
"52","prostate carcinoma"
"53","lung cancer"
"54","malignant glioma"
"55","testicular seminoma"
"56","waldenstrom macroglobulinemia"
"57","mucosal melanoma"
"58","central nervous system primitive neuroectodermal neoplasm"
"59","childhood acute lymphoblastic leukemia"
"60","lymphoblastic lymphoma"
"61","metastatic neoplasm"
"62","childhood cancer"
"63","rectum cancer"
"64","hodgkins lymphoma"
"65","triple-negative breast cancer"
"66","bile duct carcinoma"
"67","glioma"
"68","renal cell carcinoma"
"69","malignant epithelial tumor of ovary"
"70","carcinoma of liver and intrahepatic biliary tract"
"71","malignant peripheral nerve sheath tumor"
"72","malignant pleural mesothelioma"
"73","primary peritoneal carcinoma"
"74","t-cell non-hodgkin lymphoma"
"75","cholangiocarcinoma"
"76","endometrium adenocarcinoma"
"77","breast cancer"
"78","lymph node metastatic carcinoma"
"79","acute basophilic leukemia"
"80","anaplastic large cell lymphoma"
"81","large cell lung carcinoma"
"82","non-small cell lung carcinoma"
"83","lobular breast carcinoma"
"84","nodular melanoma"
"85","urothelial carcinoma"
"86","digestive system neoplasm"
"87","hepatobiliary neoplasm"
"88","embryonal rhabdomyosarcoma"
"89","endometrioid carcinoma"
"90","esophageal adenocarcinoma"
"91","fibromatosis"
"92","gastric adenocarcinoma"
"93","major salivary gland cancer"
"94","desmoplastic melanoma"
"95","hematopoietic and lymphoid cell neoplasm"
"96","myelofibrosis"
"97","salivary duct carcinoma"
"98","t-lymphoblastic lymphoma"
"99","malignant renal pelvis neoplasm"
"100","oral cavity carcinoma"
"101","major salivary gland adenoid cystic carcinoma"
"102","digestive system melanoma"
"103","dermatofibrosarcoma protuberans"
"104","endometrial cancer"
"105","b-cell acute lymphoblastic leukemia"
"106","chronic lymphocytic leukemia"
"107","neoplasm of mature b-cells"
"108","ewing sarcoma"
"109","gastric carcinoma"
"110","blastic plasmacytoid dendritic cell neoplasm"
"111","desmoplastic small round cell tumor"
"112","hairy cell leukemia"
"113","small cell lung carcinoma"
"114","spindle cell tumor"
"115","squamous cell carcinoma"
"116","squamous cell lung carcinoma"
"117","gastroesophageal junction adenocarcinoma"
"118","adult acute lymphoblastic leukemia"
"119","acral lentiginous melanoma"
"120","female breast carcinoma"
"121","monocytic leukemia"
"122","myeloid leukemia"
"123","in situ carcinoma"
"124","malignant rhabdoid tumour"
"125","skin basal cell carcinoma"
"126","lung carcinoma"
"127","systemic mastocytosis"
"128","meningioma"
"129","gliomatosis cerebri"
"130","pilocytic astrocytoma"
"131","hemangioblastoma"
"132","infantile myofibromatosis"
"133","angiosarcoma"
"134","colorectal neoplasm"
"135","pancreatic neoplasm"
"136","kidney neoplasm"
"137","breast neoplasm"
"138","mixed phenotype acute leukemia"
"139","malignant colon neoplasm"
"140","ewing sarcoma/peripheral primitive neuroectodermal tumor of bone"
"141","mucoepidermoid carcinoma of parotid gland"
"142","chondrosarcoma"
"143","chromophobe renal cell carcinoma"
"144","familial atrial myxoma"
"145","acute myeloid leukemia"
"146","acute myelomonocytic leukemia"
"147","acute promyelocytic leukemia"
"148","adenocarcinoma"
"149","breast adenocarcinoma"
"150","breast carcinoma"
"151","gliosarcoma"
"152","mantle cell lymphoma"
"153","ovarian clear cell adenocarcinoma"
"154","pancreatic adenocarcinoma"
"155","pancreatic neuroendocrine tumor"
"156","thymic lymphoma"
"157","nasopharyngeal squamous cell carcinoma"
"158","acute leukemia"
"159","adenoid cystic breast carcinoma"
"160","anaplastic (malignant) meningioma"
"161","angiomatous meningioma"
"162","appendix adenocarcinoma"
"163","appendix goblet cell carcinoid"
"164","carcinoid tumor"
"165","follicular lymphoma"
"166","myelodysplastic/myeloproliferative disease"
"167","precursor b-cell acute lymphoblastic leukemia"
"168","superficial spreading melanoma"
"169","neuroblastoma"
"170","male breast carcinoma"
"171","small intestine lymphoma"
"172","head and neck carcinoma"
"173","peritoneum cancer"
"174","thyroid cancer"
"175","fallopian tube cancer"
"176","giant cell tumor"
"177","retinoblastoma"
"178","esophageal cancer"
"179","autoimmune lymphoproliferative syndrome type 4"
"180","burkitts lymphoma"
"181","carcinoma"
"182","oral squamous cell carcinoma"
"183","plasma cell neoplasm"
"184","t-cell acute lymphoblastic leukemia"
"185","unspecified peripheral t-cell lymphoma"
"186","acute erythroleukemia"
"187","acute lymphoblastic leukemia"
"188","myeloproliferative disorder"
"189","atypical meningioma"
"190","benign brain neoplasm"
"191","benign ovarian neoplasm"
"192","bladder small cell neuroendocrine carcinoma"
"193","blast phase chronic myelogenous leukemia, bcr-abl1 positive"
"194","brain stem glioblastoma"
"195","breast carcinoma by gene expression profile"
"196","cecum villous adenoma"
"197","central nervous system neoplasm"
"198","cervical adenosquamous carcinoma"
"199","cervical squamous cell carcinoma"
"200","chronic eosinophilic leukemia, not otherwise specified"
"201","chronic neutrophilic leukemia"
"202","digestive system carcinoma"
"203","merkel cell skin cancer"
"204","metastatic colorectal cancer"
"205","ovarian serous carcinoma"
"206","serous adenocarcinoma"
"207","brain neoplasm"
"208","thyroid neoplasm"
"209","skin neoplasm"
"210","chronic myelogenous leukemia"
"211","clear cell adenocarcinoma"
"212","clear cell renal carcinoma"
"213","low grade glioma"
"214","lentigo maligna melanoma"
"215","lip and oral cavity carcinoma"
"216","thyroid gland adenocarcinoma"
"217","nonpapillary renal cell carcinoma"
"218","ovarian cancer"
"219","prostate cancer"
"220","fibrosarcoma"
"221","benign neoplasm"
"222","myeloid neoplasm"
"223","chronic myeloproliferative disorder"
"224","primary myelofibrosis"
"225","anaplastic astrocytoma"
"226","pancreatic ductal adenocarcinoma"
"227","oligoastrocytoma"
"228","osteosarcoma"
"229","papillary renal cell carcinoma"
"230","neurofibromatosis type 1"
"231","small intestine cancer"
"232","chronic leukemia"
"233","gastric cancer"
"234","gastric lymphoma"
"235","urinary bladder cancer"
"236","bladder transitional cell carcinoma"
"237","brain glioblastoma"
"238","plasmacytoma"
"239","head and neck malignant neoplasia"
"240","head and neck squamous cell carcinoma"
"241","hepatocellular carcinoma"
"242","sezary's disease"
"243","adrenal cortex carcinoma"
"244","desmoid-type fibromatosis"
"245","vestibular schwannoma"
"246","mastocytosis"
"247","invasive carcinoma"
"248","diffuse gastric adenocarcinoma"
"249","diffuse large b-cell lymphoma"
"250","breast ductal carcinoma in situ"
"251","chordoma"
"252","leiomyosarcoma"
"253","leukemia"
"254","liposarcoma"
"255","lung adenocarcinoma"
"256","medullary thyroid gland carcinoma"
"257","ovarian carcinoma"
"258","sarcoma"
"259","schwannoma"
"260","colorectal cancer"
"261","pleural mesothelioma"
"262","rhabdoid meningioma"
"263","small intestinal adenocarcinoma"
"264","splenic marginal zone lymphoma"
"265","t-cell prolymphocytic leukemia"
"266","testicular yolk sac tumor"
"267","thymic carcinoma"
"268","thymoma"
"269","thyroid gland undifferentiated (anaplastic) carcinoma"
"270","transitional meningioma"
"271","unclassified renal cell carcinoma"
"272","uterine carcinosarcoma"
"273","marginal zone b-cell lymphoma"
"274","malt lymphoma"
"275","metastatic prostate cancer"
"276","myelodysplastic syndrome"
"277","gastrointestinal stromal tumor"
"278","gastric intestinal type adenocarcinoma"
"279","glioblastoma multiforme"
"280","skin carcinoma"
"281","cervical carcinoma"
"282","endometriosis"
"283","t-cell leukemia"
"284","rectal adenocarcinoma"
"285","urinary bladder carcinoma"
"286","cancer"
"287","glioblastoma"
"288","melanoma"
"289","papillary thyroid carcinoma"
"290","prostate adenocarcinoma"
"291","duodenal adenocarcinoma"
"292","eccrine porocarcinoma"
"293","endometrial endometrioid adenocarcinoma"
"294","endometrial serous adenocarcinoma"
"295","fibroadenoma"
"296","fibrous meningioma"
"297","granular cell tumor"
"298","granulocytic sarcoma"
"299","her2 positive breast carcinoma"
"300","juvenile myelomonocytic leukemia"
"301","chronic myelomonocytic leukemia"
"302","neuroendocrine neoplasm"
"303","cecum adenocarcinoma"
"304","diffuse intrinsic pontine glioma"
"305","ependymoma"
"306","metaplastic breast carcinoma"
"307","adenoid cystic carcinoma"
"308","adenosquamous lung carcinoma"
"309","adrenal gland pheochromocytoma"
"310","angioimmunoblastic t-cell lymphoma"
"311","astrocytoma"
"312","cutaneous melanoma"
"313","ovarian neoplasm"
"314","soft tissue sarcoma"
"315","undifferentiated pleomorphic sarcoma"
"316","synovial sarcoma"
"317","multiple myeloma"
"318","cervical adenocarcinoma"
"319","cutaneous t-cell lymphoma"
"320","uterine sarcoma"
"321","esophageal carcinoma"
"322","ovarian serous adenocarcinoma"
"323","rhabdomyosarcoma"
"324","hypopharyngeal carcinoma"
"325","medulloblastoma"
"326","acute megakaryoblastic leukaemia"
"327","epidermal appendage tumor"
"328","hematopoietic and lymphoid system neoplasm"
"329","laryngeal carcinoma"
"330","kidney cancer"
"331","sebaceous adenoma"
"332","esophageal squamous cell carcinoma"
"333","non-hodgkins lymphoma"
"334","breast ductal adenocarcinoma"
"335","neoplasm"
"336","myeloproliferative neoplasm, unclassifiable"
"337","acute leukemia of ambiguous lineage"
"338","nodal marginal zone b-cell lymphoma"
"339","t-cell large granular lymphocyte leukemia"
"340","adult t-cell leukemia/lymphoma"
"341","extranodal nasal nk/t cell lymphoma"
"342","enteropathy-associated t-cell lymphoma"
"343","hepatosplenic t-cell lymphoma"
"344","lung sarcomatoid carcinoma"
"345","medullomyoblastoma with myogenic differentiation"
"346","mixed tumor of the salivary gland"
"347","small intestinal neuroendocrine tumor g1"
"348","nasal cavity and paranasal sinus squamous cell carcinoma"
"349","bronchoalveolar adenocarcinoma"
"350","benign neoplasm of adrenal gland"
"351","kidney wilms tumor"
"352","signet ring cell gastric adenocarcinoma"
"353","spinal cord astrocytoma"
"354","gallbladder adenocarcinoma"
"355","gallbladder small cell neuroendocrine carcinoma"
"356","lung carcinoid tumor"
"357","alveolar rhabdomyosarcoma"
"358","digestive system cancer"
"359","alpha-thalassemia-myelodysplastic syndrome"
"360","laryngeal squamous cell carcinoma"
"361","vulvar intraepithelial neoplasia"
"362","primitive neuroectodermal tumor"
"363","large cell medulloblastoma"
"364","oligodendroglioma"
"365","atypical teratoid rhabdoid tumor"
"366","pituitary gland adenoma"
"367","brain stem astrocytic neoplasm"
"368","endodermal sinus tumor"
"369","follicular thyroid adenoma"
"370","brain glioma"
"371","breast phyllodes tumor"
"372","brain stem glioma"
"373","spinal cord neoplasm"
"374","neoplasm of cerebral hemisphere"
"375","anaplastic oligodendroglioma"
"376","sarcomatoid mesothelioma"
"377","nasal cavity and paranasal sinus carcinoma"
"378","hepatoblastoma"
"379","salivary gland squamous cell carcinoma"
"380","intrahepatic cholangiocarcinoma"
"381","pituicytoma"
"382","familial prostate cancer"
"383","adenoma"
"384","adrenal gland neuroblastoma"
"385","macroglobulinemia"
"386","cortisol-producing adrenal cortex adenoma"
"387","b- and t-cell mixed leukemia"
"388","wilms tumor"
"389","endometrial clear cell adenocarcinoma"
"390","extraskeletal ewing sarcoma/peripheral primitive neuroectodermal tumor"
"391","invasive breast carcinoma"
"392","placental site trophoblastic tumor"
"393","prostate intraepithelial neoplasia"
"394","hereditary leiomyomatosis and renal cell cancer"
"395","gestational choriocarcinoma"
"396","ovarian epithelial tumor"
"397","nasopharyngeal neoplasm"
"398","neoplasm of oropharynx"
"399","invasive breast ductal carcinoma"
"400","gastric non-cardia carcinoma"
"401","hepatitis c virus induced hepatocellular carcinoma"
"402","pituitary cancer"
"403","kidney oncocytoma"
"404","aldosterone-producing adenoma"
"405","liver hemangioma"
"406","tubular adenoma"
"407","metastatic carcinoma"
"408","clear cell sarcoma of the kidney"
"409","b-cell non-hodgkins lymphoma"
"410","barrett adenocarcinoma"
"411","bronchioloalveolar carcinoma"
"412","endometrial endometrioid adenocarcinoma, variant with squamous differentiation"
"413","high grade ovarian serous adenocarcinoma"
"414","hypopharyngeal squamous cell carcinoma"
"415","gallbladder carcinoma"
"416","langerhans cell histiocytosis"
"417","lung sclerosing hemangioma"
"418","malignant adrenal gland pheochromocytoma"
"419","malignant bone neoplasm"
"420","malignant mesothelioma"
"421","metaplastic meningioma"
"422","mixed lobular and ductal breast carcinoma"
"423","non-functional pancreatic neuroendocrine tumor"
"424","ocular melanoma"
"425","ocular sebaceous carcinoma"
"426","osteochondroma"
"427","ovarian carcinosarcoma"
"428","ovarian embryonal carcinoma"
"429","papillary craniopharyngioma"
"430","pecoma"
"431","penile carcinoma"
"432","peritoneal mesothelioma"
"433","dopaminergic neuroblastoma"
"434","ovarian adenocarcinoma"
"435","plasma cell leukemia"
"436","keratoacanthoma"
"437","squamous cell neoplasm"
"438","thymoma type a"
"439","teratoma"
"440","bone osteosarcoma"
"441","skull base neoplasm"
"442","adrenal carcinoma"
"443","skeletal muscle cancer"
"444","spindle cell sarcoma"
"445","carcinosarcoma"
"446","skull base meningioma"
"447","mucoepidermoid carcinoma"
"448","bile duct cancer"
"449","benign muscle neoplasm"
"450","myxofibrosarcoma"
"451","adrenocortical adenoma"
"452","paranasal sinus carcinoma"
"453","digestive system neuroendocrine tumor, grade 1/2"
"454","mature t-cell and nk-cell non-hodgkin lymphoma"
"455","salivary gland carcinoma"
"456","colon adenoma"
"457","tonsil squamous cell carcinoma"
"458","ovarian clear cell cancer"
"459","metastasis"
"460","hamartoma"
"461","hemangioma"
"462","papillary carcinoma"
"463","multiple symmetric lipomatosis"
"464","hereditary breast cancer"
"465","encephalocraniocutaneous lipomatosis"
"466","squamous cell carcinoma of penis"
"467","hereditary nonpolyposis colon cancer"
"468","keratocystic odontogenic tumor"
"469","hepatocellular adenoma"
"470","inflammatory myofibroblastic tumor"
"471","small cell carcinoma"
"472","ganglioneuroma"
"473","follicular thyroid carcinoma"
"474","oropharynx squamous cell carcinoma"
"475","myxoma"
"476","large congenital melanocytic nevus"
"477","spitz nevus"
"478","cutaneous fibrous histiocytoma"
"479","endometrial stromal sarcoma"
"480","ileal neoplasm"
"481","inflammatory breast carcinoma"
"482","ameloblastoma"
"483","anal carcinoma"
"484","apocrine adenocarcinoma"
"485","thoracic cancer"
"486","combined small cell lung carcinoma"
"487","bile duct papillary neoplasm"
"488","papillary eccrine carcinoma"
"489","acute t cell leukemia"
"490","nasopharyngeal type undifferentiated carcinoma"
"491","mixed liposarcoma"
"492","spindle cell intraocular melanoma"
"493","small intestine neoplasm"
"494","thyroid gland oncocytic adenoma"
"495","desmoplastic medulloblastoma"
"496","renal cell adenocarcinoma"
"497","large cell carcinoma"
"498","lipoblastoma"
"499","subependymal giant cell astrocytoma"
"500","gastric neuroendocrine tumor, well differentiated, low or intermediate grade"
"501","vascular sarcoma"
"502","basal cell carcinoma"
"503","meningeal neoplasm"
"504","intestinal polyp"
"505","uterine neoplasm"
"506","urogenital neoplasm"
"507","tongue neoplasm"
"508","malignant endocrine neoplasm"
"509","childhood neoplasm"
"510","luminal b breast carcinoma"
"511","luminal a breast carcinoma"
"512","lung neoplasm"
"513","intestinal neoplasm"
"514","hemangioendothelioma"
"515","female reproductive system neoplasm"
"516","odontogenic neoplasm"
"517","uvea neoplasm"
"518","uterine cervix neoplasm"
"519","ear neoplasm"
"520","endometrium neoplasm"
"521","prostate neoplasm"
"522","ovarian serous cystadenocarcinoma"
"523","tongue squamous cell carcinoma"
"524","acth-producing pituitary gland adenoma"
"525","adenosquamous carcinoma"
"526","ameloblastic carcinoma"
"527","anal squamous cell carcinoma"
"528","oligodendroglial tumor"
"529","gestational trophoblastic neoplasm"
"530","anaplastic cancer"
"531","grade iii meningioma"
"532","adenosarcoma"
"533","intraductal papilloma"
"534","neuroendocrine carcinoma"
"535","breast tumor luminal"
"536","acinar cell carcinoma"
"537","benign thyroid gland neoplasm"
"538","central nervous system lymphoma"
"539","cervical clear cell adenocarcinoma"
"540","cervical small cell carcinoma"
"541","chordoid meningioma"
"542","clear cell meningioma"
"543","conjunctival melanoma"
"544","conjunctival squamous cell carcinoma"
"545","craniopharyngioma"
"546","endometrial carcinoma"
"547","endometrial endometrioid carcinoma"
"548","laryngeal neoplasm"
"549","bone neoplasm"
"550","tonsil carcinoma"
"551","neoplasm of esophagus"
"552","astrocytic tumor"
"553","cervical intraepithelial neoplasia"
"554","eccrine carcinoma"
"555","mucinous neoplasm"
"556","intraepithelial neoplasia"
"557","squamous cell intraepithelial neoplasia"
"558","liver and intrahepatic bile duct neoplasm"
"559","fibroma"
"560","neurofibroma"
"561","growth hormone-producing pituitary gland neoplasm"
"562","lhermitte-duclos disease"
"563","penile cancer"
"564","leiomyoma"
"565","brain cancer"
"566","undifferentiated carcinoma"
"567","bone metastasis"
"568","uveal melanoma"
"569","mast cell neoplasm"
"570","round cell liposarcoma"
"571","ganglioglioma"
"572","adrenal cortex neoplasm"
"573","rhabdomyoma"
"574","benign epithelial neoplasm"
"575","ovarian serous tumor"
"576","kaposi's sarcoma"
"577","large cell neuroendocrine carcinoma"
"578","hereditary breast carcinoma"
"579","multiple endocrine neoplasia"
"580","pituitary tumor"
"581","signet ring cell carcinoma"
"582","embryonal neoplasm"
"583","breast carcinoma in situ"
"584","primary effusion lymphoma"
"585","prolactin-producing pituitary gland adenoma"
"586","psammomatous meningioma"
"587","secretory meningioma"
"588","sinonasal undifferentiated carcinoma"
"589","soft tissue neoplasm"
"590","solid pseudopapillary neoplasm of the pancreas"
"591","syringocystadenoma papilliferum"
"592","tenosynovial giant cell tumor"
"593","testicular embryonal carcinoma"
"594","testicular germ cell tumor"
"595","thymic squamous cell carcinoma"
"596","thyroid gland oncocytic follicular carcinoma"
"597","transitional cell carcinoma"
"598","usual ductal breast hyperplasia"
"599","mucinous carcinoma"
"600","spindle cell hemangioma"
"601","solitary fibrous tumor"
"602","neurofibromatosis type 2"
"603","reticulum cell sarcoma"
"604","non-small cell lung adenocarcinoma"
"605","colorectal adenoma"
"606","histiocytoma"
"607","pharynx cancer"
"608","thymic epithelial neoplasm"
"609","undifferentiated sarcoma"
"610","well-differentiated liposarcoma"
"611","phyllodes tumor"
"612","polyp"
"613","fallopian tube carcinoma"
"614","fibrolamellar carcinoma"
"615","gastric adenoma"
"616","hidradenocarcinoma"
"617","intestinal type adenocarcinoma"
"618","intraductal breast papilloma"
"619","kidney angiomyolipoma"
"620","carcinoma, lewis lung"
"621","pseudolymphoma"
"622","cutaneous squamous cell carcinoma"
"623","granulosa cell tumor"
"624","skin appendage carcinoma"
"625","smooth muscle tumor"
"626","genital neoplasm, female"
"627","nephroblastoma"
"628","neurocutaneous melanocytosis"
"629","pharyngeal squamous cell carcinoma"
"630","differentiated thyroid carcinoma"
"631","uterine carcinoma"
"632","nevus, epidermal"
"633","intestinal cancer"
"634","islet cell tumor"
"635","verrucous carcinoma"
"636","dermis tumor"
"637","papilloma"
"638","capillary hemangioma"
"639","endometrioid tumor"
"640","head and neck neoplasia"
"641","myxoid liposarcoma"
"642","histiocytic sarcoma"
"643","non-small cell squamous lung carcinoma"
"644","lacrimal gland adenoid cystic carcinoma"
"645","ovarian gonadoblastoma"
"646","combined hepatocellular carcinoma and cholangiocarcinoma"
"647","choroid plexus papilloma"
"648","neuroepithelial neoplasm"
"649","central nervous system cancer"
"650","capillary infantile hemangioma"
"651","ampulla of vater carcinoma"
"652","grade iii glioma"
"653","pleomorphic rhabdomyosarcoma"
"654","hepatitis b virus induced hepatocellular carcinoma"
"655","kidney medullary carcinoma"
"656","vulvar carcinoma"
"657","malignant soft tissue neoplasm"
"658","primary central chondrosarcoma"
"659","liver inflammatory myofibroblastic tumor"
"660","liver neuroendocrine tumor"
"661","lung inflammatory myofibroblastic tumor"
"662","lung signet ring cell carcinoma"
"663","lymphoepithelioma-like lung carcinoma"
"664","lymphomatoid papulosis"
"665","mediastinal neuroblastoma"
"666","metanephric adenoma"
"667","neuroblastic tumor"
"668","parotid gland adenoid cystic carcinoma"
"669","pleural biphasic mesothelioma"
"670","upper aerodigestive tract neoplasm"
"671","ovarian teratoma"
"672","orbit embryonal rhabdomyosarcoma"
"673","mesenchymal cell neoplasm"
"674","extraosseous osteosarcoma"
"675","benign fibrous histiocytoma"
"676","malignant myoepithelioma"
"677","follicular dendritic cell sarcoma"
"678","lymphoplasmacytic lymphoma"
"679","rectum adenoma"
"680","extraskeletal myxoid chondrosarcoma"
"681","mucinous adenocarcinoma of the appendix"
"682","lipoma"
"683","primary cutaneous t-cell lymphoma"
"684","pulmonary neuroendocrine tumor"
"685","ganglioneuroblastoma"
"686","adenocarcinoma in situ"
"687","bladder urachal carcinoma"
"688","acinar lung adenocarcinoma"
"689","b-cell neoplasm"
"690","nodular fasciitis"
"691","endometrial mixed adenocarcinoma"
"692","bladder urachal adenocarcinoma"
"693","congenital fibrosarcoma"
"694","choroid plexus carcinoma"
"695","adrenal gland neoplasm"
"696","melanocytic neoplasm"
"697","bladder tumor"
"698","angiomyxoma"
"699","primary cutaneous lymphoma"
"700","alveolar soft part sarcoma"
"701","nodular sclerosis hodgkin lymphoma"
"702","bladder adenocarcinoma"
"703","bladder inflammatory myofibroblastic tumor"
"704","calcifying fibrous tumor"
"705","cavernous hemangioma"
"706","central nervous system anaplastic large cell lymphoma"
"707","colorectal diffuse large b-cell lymphoma"
"708","combined lung carcinoma"
"709","salivary gland neoplasm"
"710","primary brain neoplasm"
"711","cerebral astrocytoma"
"712","t-cell and nk-cell neoplasm"
"713","hereditary diffuse gastric adenocarcinoma"
"714","pulmonary mucoepidermoid carcinoma"
"715","bronchial neoplasm"
"716","pleomorphic liposarcoma"
"717","dedifferentiated liposarcoma"
"718","invasive lobular carcinoma"
"719","myopericytoma"
"720","diffuse large b-cell lymphoma of the central nervous system"
"721","liver solitary fibrous tumor"
"722","poorly differentiated thyroid gland carcinoma"
"723","renal cell carcinoma associated with xp11.2 translocations/tfe3 gene fusions"
"724","retroperitoneal inflammatory myofibroblastic tumor"
"725","sarcomatoid carcinoma"
"726","small intestinal diffuse large b-cell lymphoma"
"727","subcutaneous panniculitis-like t-cell lymphoma"
"728","thymoma type ab"
"729","thymoma type b3"
"730","hereditary gingival fibromatosis"
"731","malignant peritoneal mesothelioma"
"732","peripheral primitive neuroectodermal tumor"
"733","fibroblastic neoplasm"
"734","follicular variant thyroid gland papillary carcinoma"
"735","gallbladder adenoma"
"736","gallbladder biliary intraepithelial neoplasia"
"737","gastric diffuse large b-cell lymphoma"
"738","gastric neuroendocrine tumor g1"
"739","hepatoid adenocarcinoma"
"740","histiocytic and dendritic cell neoplasm"
"741","intimal sarcoma"
"742","gastric adenosquamous carcinoma"
"743","collecting duct carcinoma"
"744","mesoblastic nephroma"
"745","pulmonary blastoma"
"746","lung sarcoma"
"747","papillary adenocarcinoma"
"748","oxyphilic adenoma"
"749","parathyroid adenoma"
"750","sebaceous gland neoplasm"
"751","leydig cell tumor"
"752","palmar fibromatosis"
"753","malignant epithelioid mesothelioma"
"754","tubular adenocarcinoma"
"755","papillary adenoma"
"756","hepatic angiomyolipoma"
"757","breast benign neoplasm"
"758","estrogen-receptor negative breast cancer"
"759","breast-ovarian cancer, familial, susceptibility to, 1"
"760","breast-ovarian cancer, familial, susceptibility to, 2"
"761","endometrial stromal tumor"
"762","mesenchymal chondrosarcoma"
"763","hair follicle neoplasm"
"764","apocrine sweat gland neoplasm"
"765","infiltrating bladder urothelial carcinoma"
"766","testicular carcinoma"
"767","ureteral neoplasm"
"768","cystic neoplasm"
"769","adrenal gland myelolipoma"
"770","angiolipoma"
"771","dendritic cell tumor"
"772","trichoblastoma"
"773","eccrine sweat gland neoplasm"
"774","reproductive system cancer"
"775","rectal neoplasm"
"776","multiple endocrine neoplasia type 1"
"777","bladder squamous cell carcinoma"
"778","neoplasm of testis"
"779","tumor of parathyroid gland"
"780","benign neoplasm of salivary gland"
"781","vascular neoplasm"
"782","multiple endocrine neoplasia type 2a"
"783","epithelial neoplasm"
"784","myofibroblastoma"
"785","pituitary adenocarcinoma"
"786","salivary gland cancer"
"787","prostate small cell carcinoma"
"788","salivary gland basal cell adenocarcinoma"
"789","testicular leydig cell tumor"
"790","testicular sertoli cell tumor"
"791","warthin tumor"
"792","multiple endocrine neoplasia type 4"
"793","familial gastric cancer"
"794","germ cell tumor"
"795","gastric tubular adenocarcinoma"
"796","male reproductive organ cancer"
"797","papillary serous cystadenocarcinoma"
"798","carcinoma ex pleomorphic adenoma"
"799","prostatic acinar adenocarcinoma"
"800","krukenberg tumor"
"801","malignant ovarian mixed epithelial tumor"
"802","malignant urinary system neoplasm"
"803","meningeal melanocytoma"
"804","ovarian yolk sac tumor"
"805","parathyroid gland carcinoma"
"806","ovarian angiosarcoma"
"807","colon medullary carcinoma"
"808","minor salivary gland adenoid cystic carcinoma"
"809","urethra adenocarcinoma"
"810","acinic cell breast carcinoma"
"811","ovarian mixed germ cell neoplasm"
"812","endocervical carcinoma"
"813","classic medulloblastoma"
"814","ovarian clear cell tumor"
"815","mucoepidermoid carcinoma of submandibular gland"
"816","sex cord-stromal tumor"
"817","adenofibroma"
"818","benign ovarian mucinous tumor"
"819","bile duct adenoma"
"820","borderline ovarian mucinous tumor"
"821","ovarian endometrioid carcinoma"
"822","mediastinal yolk sac tumor"
"823","mucinous ovarian cancer"
"824","anaplastic oligoastrocytoma"
"825","epithelioid sarcoma"
"826","salivary gland carcinoma ex pleomorphic adenoma"
"827","systemic mastocytosis with associated clonal hematological non-mast-cell lineage disease"
"828","tonsillar squamous cell carcinoma"
"829","tracheal adenoid cystic carcinoma"
"830","undifferentiated gallbladder carcinoma"
"831","undifferentiated ovarian carcinoma"
"832","undifferentiated pancreatic carcinoma"
"833","vaginal squamous cell carcinoma"
"834","small intestine carcinoma"
"835","endometrial undifferentiated carcinoma"
"836","dedifferentiated chondrosarcoma"
"837","testicular sex cord-stromal neoplasm"
"838","villous adenoma"
"839","central neurocytoma"
"840","wolffian adnexal tumor"
"841","b-cell prolymphocytic leukemia"
"842","mesonephric adenocarcinoma"
"843","splenic diffuse large b-cell lymphoma"
"844","thymic undifferentiated carcinoma"
"845","olfactory neuroblastoma"
"846","malignant pancreatic neoplasm"
"847","microcystic meningioma"
"848","urethra transitional cell carcinoma"
"849","cervical carcinosarcoma"
"850","gastric neuroendocrine neoplasm"
"851","gardner syndrome"
"852","respiratory system cancer"
"853","familial atypical multiple mole melanoma syndrome"
"854","paranasal sinus squamous cell carcinoma"
"855","familial papillary or follicular thyroid carcinoma"
"856","bone marrow neoplasm"
"857","gallbladder cancer"
"858","familial adenomatous polyposis 1"
"859","mediastinal germ cell tumor"
"860","acute monocytic leukemia"
"861","familial melanoma"
"862","deafness - lymphedema - leukemia"
"863","atypical lipomatous tumor"
"864","benign smooth muscle neoplasm"
"865","breast diffuse large b-cell lymphoma"
"866","endometrial neoplasm"
"867","brain astrocytoma"
"868","familial prostate carcinoma"
"869","lymph node neoplasm"
"870","male reproductive system neoplasm"
"871","lymph node cancer"
"872","secondary malignant neoplasm"
"873","pleuropulmonary blastoma"
"874","familial pancreatic carcinoma"
"875","attenuated familial adenomatous polyposis"
"876","familial rhabdoid tumor"
"877","nut midline carcinoma"
"878","primary peritoneal serous adenocarcinoma"
"879","splenic mantle cell lymphoma"
"880","subependymoma"
"881","testicular non-seminomatous germ cell tumor"
"882","vaginal melanoma"
"883","enchondromatosis"
"884","ureter cancer"
"885","choroidal melanoma"
"886","familial ovarian cancer"
"887","gastric mantle cell lymphoma"
"888","muscle cancer"
"889","pancreatic endocrine carcinoma"
"890","uterine corpus cancer"
"891","chondroma"
"892","prostatic adenoma"
"893","pancreatoblastoma"
"894","lymphatic metastasis"
"895","adamantinomatous craniopharyngioma"
"896","prolymphocytic leukemia"
"897","ureter urothelial carcinoma"
"898","paraganglioma"
"899","peritoneal well differentiated papillary mesothelioma"
"900","pineocytoma"
"901","cerebellar pilocytic astrocytoma"
"902","fibroepithelial neoplasm"
"903","extra-adrenal sympathetic paraganglioma"
"904","mixed glioma"
"905","fibrosarcomatous osteosarcoma"
"906","pleomorphic xanthoastrocytoma"
"907","astroblastoma"
"908","mixed neuronal-glial tumor"
"909","chondroblastoma"
"910","anal melanoma"
"911","lung pecoma"
"912","benign adrenal gland pheochromocytoma"
"913","benign neoplasm of pancreas"
"914","thymic small cell carcinoma"
"915","vulvar squamous cell carcinoma"
"916","metastatic pancreatic neuroendocrine tumours"
"917","ileal neuroendocrine tumor g1"
"918","lobular breast carcinoma in situ"
"919","rhabdoid tumor of the kidney"
"920","uterine leiomyosarcoma"
"921","prostate neuroendocrine neoplasm"
"922","melanocytic nevus"
"923","anaplastic ependymoma"
"924","ependymal neoplasm"
"925","mucinous cystadenoma"
"926","serous cystadenoma"
"927","eyelid neoplasm"
"928","intracranial germ cell tumor"
"929","penile neoplasm"
"930","basaloid squamous cell carcinoma"
"931","malignant laryngeal neoplasm"
"932","inverted papilloma"
"933","adrenal gland cancer"
"934","dysembryoplastic neuroepithelial tumor"
"935","rectal carcinoma"
"936","biphasic synovial sarcoma"
"937","ovarian mucinous neoplasm"
"938","aids-related primary central nervous system lymphoma"
"939","adenomyoma"
"940","benign chondrogenic neoplasm"
"941","cardia cancer"
"942","gastric non-hodgkin lymphoma"
"943","maxillary neoplasm"
"944","glottis carcinoma"
"945","tubulovillous adenoma"
"946","myxosarcoma"
"947","lobular capilliary hemangioma"
"948","adult acute myeloid leukemia"
"949","bronchogenic carcinoma"
"950","mast cell sarcoma"
"951","ovarian sertoli-leydig cell tumor"
"952","penile fibromatosis"
"953","orbit rhabdomyosarcoma"
"954","angiomyolipoma"
"955","conventional osteosarcoma"
"956","skin cancer"
"957","extrahepatic bile duct carcinoma"
"958","monophasic synovial sarcoma"
"959","primary cutaneous marginal zone b-cell lymphoma"
"960","high grade b-cell lymphoma"
"961","hypothalamic neoplasm"
"962","posterior pituitary gland neoplasm"
"963","breast lymphoma"
"964","cortical thymoma"
"965","malignant spindle cell neoplasm"
"966","carotid body paraganglioma"
"967","bone sarcoma"
"968","bone marrow cancer"
"969","epithelioid hemangioma"
"970","eyelid cancer"
"971","leiomyoma, epithelioid"
"972","lymphoma, aids-related"
"973","acanthoma"
"974","oncocytic neoplasm"
"975","basaloid carcinoma"
"976","cervical glandular intraepithelial neoplasia"
"977","cutaneous follicular lymphoma"
"978","eye neoplasm"
"979","benign neoplasm of prostate"
"980","nongerminomatous germ cell tumor"
"981","desmoplastic infantile astrocytoma"
"982","chondrogenic neoplasm"
"983","digestive system neuroendocrine neoplasm"
"984","arteriovenous hemangioma/malformation"
"985","maxillary sinus carcinoma"
"986","ovarian leiomyosarcoma"
"987","gastrointestinal lymphoma"
"988","parotid gland cancer"
"989","ampulla of vater adenocarcinoma"
"990","pilomatrixoma"
"991","gum cancer"
"992","oral cavity cancer"
"993","malignant germ cell tumor of ovary"
"994","endometrial intraepithelial neoplasia"
"995","gastric mucosa-associated lymphoid tissue lymphoma"
"996","transitional cell carcinoma of kidney"
"997","mast-cell leukemia"
"998","nervous system cancer"
"999","spleen cancer"
"1000","lobular neoplasia"
"1001","minor salivary gland carcinoma"
"1002","eccrine acrospiroma"
"1003","cystadenoma"
"1004","ossifying fibromyxoid tumor"
"1005","chondroblastic osteosarcoma"
"1006","kidney sarcoma"
"1007","bone giant cell tumor"
"1008","spinal cord ependymoma"
"1009","pilomyxoid astrocytoma"
"1010","adenoid cystic carcinoma of oropharynx"
"1011","rectum malignant melanoma"
"1012","congenital mesoblastic nephroma"
"1013","splenic diffuse red pulp small b-cell lymphoma"
"1014","submandibular gland adenoid cystic carcinoma"
"1015","clear cell sarcoma"
"1016","kaposiform hemangioendothelioma"
"1017","myoepithelial tumor"
"1018","aggressive nk-cell leukemia"
"1019","soft tissue amyloid neoplasm"
"1020","malignant germ cell tumor"
"1021","precursor lymphoblastic lymphoma/leukemia"
"1022","peritoneal neoplasm"
"1023","fallopian tube serous adenocarcinoma"
"1024","lung lymphoma"
"1025","thyroid lymphoma"
"1026","thyroid gland mucosa-associated lymphoid tissue lymphoma"
"1027","malignant pleural neoplasm"
"1028","ovarian germ cell tumor"
"1029","cystadenocarcinoma"
"1030","lung benign neoplasm"
"1031","nervous system benign neoplasm"
"1032","benign lipomatous neoplasm"
"1033","clear cell chondrosarcoma"
"1034","urothelial papilloma"
"1035","benign peripheral nerve sheath tumor"
"1036","urinary system neoplasm"
"1037","adenomatoid odontogenic tumor"
"1038","desmoplastic ameloblastoma"
"1039","ampulla of vater cancer"
"1040","serous neoplasm"
"1041","sebaceous gland cancer"
"1042","adrenocortical carcinoma, hereditary"
"1043","non-functioning adrenal cortex adenoma"
"1044","colon carcinoma in situ"
"1045","small intestinal enteropathy-associated t-cell lymphoma"
"1046","testicular teratoma"
"1047","pheochromocytoma-paraganglioma"
"1048","parotid neoplasm"
"1049","neoplasm of mature t-cells or nk-cells"
"1050","optic tract astrocytoma"
"1051","colorectal tubulovillous adenoma"
"1052","micropapillary serous carcinoma"
"1053","mixed cell uveal melanoma"
"1054","testicular neoplasm"
"1055","anus adenocarcinoma"
"1056","cerebellar neoplasm"
"1057","epithelioid cell melanoma"
"1058","familial ovarian carcinoma"
"1059","colorectal mucinous adenocarcinoma"
"1060","glomus tumor"
"1061","mixed germ cell tumor"
"1062","oropharyngeal carcinoma"
"1063","halo nevus"
"1064","intradermal nevus"
"1065","familial nonmedullary thyroid carcinoma"
"1066","malignant syringoma"
"1067","extragonadal nonseminomatous germ cell tumor"
"1068","renal pelvis neoplasm"
"1069","leptomeningeal melanoma"
"1070","urethra cancer"
"1071","dendritic cell sarcoma"
"1072","ependymoblastoma"
"1073","neuronal tumor"
"1074","papillary glioneuronal tumor"
"1075","rosette-forming glioneuronal tumor of fourth ventricule"
"1076","appendiceal neoplasm"
"1077","renal pelvis/ureter urothelial carcinoma"
"1078","ewing sarcoma/peripheral primitive neuroectodermal tumor"
"1079","vulvar neoplasm"
"1080","ciliary body neoplasm"
"1081","pineal body neoplasm"
"1082","villous adenoma of colon"
"1083","adenoma of nipple"
"1084","lymphangioma"
"1085","borderline ovarian serous tumor"
"1086","borderline ovarian surface epithelial-stromal tumor"
"1087","colorectal serrated adenocarcinoma"
"1088","anal neoplasm"
"1089","carcinoma of pharynx"
"1090","tumor of duodenum"
"1091","polyp of colon"
"1092","melanocytic skin neoplasm"
"1093","desmoplastic infantile ganglioglioma"
"1094","familial colorectal cancer"
"1095","nevus"
"1096","hereditary nonpolyposis colorectal carcinoma"
"1097","retinal neoplasm"
"1098","salivary gland large cell carcinoma"
"1099","spindle cell melanoma"
"1100","thyroid gland diffuse large b-cell lymphoma"
"1101","thyroid gland squamous cell carcinoma"
"1102","childhood supratentorial ependymoma"
"1103","endometrial mucinous adenocarcinoma"
"1104","epithelioid cell uveal melanoma"
"1105","jejunal neuroendocrine tumor g1"
"1106","cecum carcinoma"
"1107","struma ovarii"
"1108","biliary tract neoplasm"
"1109","amelanotic skin melanoma"
"1110","interdigitating dendritic cell sarcoma"
"1111","langerhans cell sarcoma"
"1112","ovarian dysgerminoma"
"1113","ovarian transitional cell carcinoma"
"1114","urethra squamous cell carcinoma"
"1115","dysgerminoma"
"1116","medullary breast carcinoma"
"1117","breast fibroepithelial neoplasm"
"1118","basal-like breast carcinoma"
"1119","reproductive system neoplasm"
"1120","central nervous system sarcoma"
"1121","ovarian sex cord-stromal tumor"
"1122","multiple endocrine neoplasia type 2"
"1123","malignant phyllodes tumor"
"1124","therapy-related myeloid neoplasm"
"1125","infiltrating bladder urothelial carcinoma sarcomatoid variant"
"1126","ovarian cystadenocarcinoma"
"1127","carney complex, type 1"
"1128","retroperitoneal cancer"
"1129","ovarian choriocarcinoma"
"1130","mediastinum leiomyosarcoma"
"1131","carcinoma of duodenum"
"1132","cribriform carcinoma"
"1133","nasal cavity cancer"
"1134","vulva cancer"
"1135","keratinocyte carcinoma"
"1136","submandibular gland cancer"
"1137","undifferentiated pancreatic carcinoma with osteoclast-like giant cells"
"1138","wilms tumor 1"
"1139","gastric cardia carcinoma"
"1140","ovarian granulosa tumour"
"1141","trophoblastic neoplasm"
"1142","estrogen-receptor positive breast cancer"
"1143","chromophobe adenoma"
"1144","juxtacortical osteosarcoma"
"1145","inverted urothelial papilloma"
"1146","tsh-secreting pituitary adenoma"
"1147","adrenal rest tumor"
"1148","blastoma"
"1149","ovarian mucinous cystadenocarcinoma"
"1150","choriocarcinoma"
"1151","bladder sarcoma"
"1152","carney complex"
"1153","central nervous system non-hodgkin lymphoma"
"1154","refractory hematologic cancer"
"1155","liver lymphoma"
"1156","lung giant cell carcinoma"
"1157","ovarian microcystic stromal tumor"
"1158","parotid gland carcinoma"
"1159","bone benign neoplasm"
"1160","her2 negative breast carcinoma"
"1161","supraglottis neoplasm"
"1162","mouth neoplasm"
"1163","adenoma of small intestine"
"1164","malignant tumor of extrahepatic bile duct"
"1165","neoplasm of hypopharynx"
"1166","urothelial neoplasm"
"1167","plexiform ameloblastoma"
"1168","salivary gland pleomorphic adenoma"
"1169","growth hormone-producing pituitary gland adenoma"
"1170","benign neoplasm of pituitary gland"
"1171","oropharynx cancer"
"1172","hilar cholangiocarcinoma"
"1173","seminoma"
"1174","thymus neoplasm"
"1175","hereditary clear cell renal cell carcinoma"
"1176","appendix carcinoma"
"1177","pediatric lymphoma"
"1178","mediastinal malignant lymphoma"
"1179","carcinoma of supraglottis"
"1180","carcinoma of urethra"
"1181","papillary lung adenocarcinoma"
"1182","anaplastic large cell lymphoma, alk-negative"
"1183","myxoid/round cell liposarcoma"
"1184","anus cancer"
"1185","vulvar squamous neoplasm"
"1186","biphasic mesothelioma"
"1187","liver neoplasm"
"1188","vaginal cancer"
"1189","tracheal cancer"
"1190","intrahepatic bile duct cancer"
"1191","pancreatic adenosquamous carcinoma"
"1192","infiltrating urothelial carcinoma"
"1193","spinal chordoma"
"1194","sweat gland carcinoma"
"1195","thymoma, familial"
"1196","ovarian sarcoma"
"1197","childhood acute myeloid leukemia"
"1198","asymptomatic myeloma"
"1199","osteoma"
"1200","acute erythroblastic leukemia"
"1201","liver diffuse large b-cell lymphoma"
"1202","minor salivary gland adenocarcinoma"
"1203","primary bone lymphoma"
"1204","primary cutaneous diffuse large b-cell lymphoma, leg type"
"1205","teratoma with malignant transformation"
"1206","mediastinal malignant germ cell tumor"
"1207","telangiectatic osteogenic sarcoma"
"1208","invasive breast ductal and lobular carcinoma"
"1209","smooth muscle cancer"
"1210","acute myeloblastic leukemia without maturation"
"1211","acute myeloblastic leukemia with maturation"
"1212","oral cavity mucoepidermoid carcinoma"
"1213","cancer or benign tumor"
"1214","malignant mixed neoplasm"
"1215","non-cutaneous melanoma"
"1216","heart sarcoma"
"1217","tumor of adipose tissue"
"1218","functional pancreatic neuroendocrine tumor"
"1219","melanoma, cutaneous malignant, susceptibility to, 3"
"1220","desmoplastic fibroma"
"1221","mixed cell type cancer"
"1222","ossifying fibroma"
"1223","osteoblastoma"
"1224","malignant tumor of meninges"
"1225","benign colon neoplasm"
"1226","benign neoplasm of skin"
"1227","benign neoplasm of rectum"
"1228","benign neoplasm of anus"
"1229","endocrine neoplasm"
"1230","brain stem neoplasm"
"1231","major salivary gland carcinoma"
"1232","extrarenal rhabdoid tumor"
"1233","epithelioid hemangioendothelioma"
"1234","colon small cell neuroendocrine carcinoma"
"1235","ehrlich tumor carcinoma"
"1236","mucinous cystadenocarcinoma"
"1237","hodgkins lymphoma, mixed cellularity"
"1238","nerve sheath neoplasm"
"1239","non-melanoma skin carcinoma"
"1240","grade ii meningioma"
"1241","tufted angioma"
"1242","neurofibromatosis type 6"
"1243","myofibroma"
"1244","ovarian mixed epithelial tumor"
"1245","parotid gland pleomorphic adenoma"
"1246","cervical adenosarcoma"
"1247","malignant pericardial mesothelioma"
"1248","lymph node palisaded myofibroblastoma"
"1249","hemangiopericytoma"
"1250","salivary gland mucoepidermoid carcinoma"
"1251","appendix neuroendocrine tumor g1"
"1252","benign ovarian brenner tumor"
"1253","benign skin appendage neoplasm"
"1254","borderline ovarian endometrioid tumor"
"1255","calcifying nested epithelial stromal tumor of the liver"
"1256","colorectal hamartoma"
"1257","colorectal neuroendocrine tumor g1"
"1258","digestive system adenoma"
"1259","benign neoplasm of parathyroid gland"
"1260","diffuse type adenocarcinoma"
"1261","thymic neuroendocrine tumor"
"1262","well-differentiated fetal adenocarcinoma of the lung"
"1263","primary intraosseous squamous cell carcinoma"
"1264","superficial fibromatosis"
"1265","testicular granulosa cell tumor"
"1266","testicular sclerosing sertoli cell tumor"
"1267","endometrial squamous cell carcinoma"
"1268","aldosterone-producing adenoma with seizures and neurological abnormalities"
"1269","scirrhous adenocarcinoma"
"1270","liver sarcoma"
"1271","connective and soft tissue neoplasm"
"1272","indolent b-cell non-hodgkin lymphoma"
"1273","skeletal muscle neoplasm"
"1274","adamantinoma"
"1275","childhood acute myeloid leukemia with maturation"
"1276","childhood ependymoma"
"1277","adult lymphoma"
"1278","precursor t-cell lymphoblastic leukemia-lymphoma"
"1279","rectosigmoid adenocarcinoma"
"1280","secondary neoplasm"
"1281","malignant ovarian serous tumor"
"1282","pineal parenchymal cell neoplasm"
"1283","lung colloid adenocarcinoma"
"1284","pancoast tumor"
"1285","mucinous gastric adenocarcinoma"
"1286","ovarian squamous cell carcinoma"
"1287","papillary transitional cell carcinoma"
"1288","jejunal neoplasm"
"1289","childhood brain stem neoplasm"
"1290","cerebellar astrocytoma"
"1291","lung adenoid cystic carcinoma"
"1292","vaginal carcinoma"
"1293","micropapillary urothelial carcinoma"
"1294","lip and oral cavity squamous cell carcinoma"
"1295","lip cancer"
"1296","conjunctival cancer"
"1297","malignant testicular germ cell tumor"
"1298","mediastinal mesenchymal tumor"
"1299","childhood brain stem glioma"
"1300","esophageal basaloid carcinoma"
"1301","esophageal small cell neuroendocrine carcinoma"
"1302","ependymal tumor of brain"
"1303","oligoastrocytic tumor"
"1304","palatal neoplasm"
"1305","malignant tumor of neck"
"1306","mixed tumor, mesodermal"
"1307","squamous cell breast carcinoma"
"1308","embryonal carcinoma of the central nervous system"
"1309","atypical carcinoid tumor"
"1310","neoplasm of middle ear"
"1311","neoplasm of major salivary gland"
"1312","benign neoplasm of large intestine"
"1313","sarcomatoid squamous cell carcinoma"
"1314","serous cystadenocarcinoma"
"1315","duodenum cancer"
"1316","carcinoid syndrome"
"1317","penis carcinoma in situ"
"1318","squamous carcinoma in situ"
"1319","salivary gland acinic cell carcinoma"
"1320","testicular choriocarcinoma"
"1321","thyroid gland spindle cell tumor with thymus-like differentiation"
"1322","urothelial dysplasia"
"1323","digestive system mixed adenoneuroendocrine carcinoma"
"1324","fibrous hamartoma of infancy"
"1325","grade iii prostatic intraepithelial neoplasia"
"1326","sweat gland neoplasm"
"1327","tonsil cancer"
"1328","squamous papilloma"
"1329","multiple endocrine neoplasia type 2b"
"1330","glottis cancer"
"1331","lacrimal gland carcinoma"
"1332","congenital diarrhea 5 with tufting enteropathy"
"1333","peritoneal multicystic mesothelioma"
"1334","small intestine neuroendocrine tumor"
"1335","benign neoplasm of sweat gland"
"1336","benign eccrine neoplasm"
"1337","hereditary thyroid gland medullary carcinoma"
"1338","familial medullary thyroid carcinoma"
"1339","parotid gland acinic cell carcinoma"
"1340","fallopian tube adenocarcinoma"
"1341","hidrocystoma"
"1342","papillary urothelial neoplasm"
"1343","ileal neuroendocrine tumor, well differentiated, low or intermediate grade"
"1344","lacrimal gland neoplasm"
"1345","malignant tumor of parathyroid gland"
"1346","malignant tumor of adrenal cortex"
"1347","vascular cancer"
"1348","neoplasm of minor salivary gland"
"1349","extrahepatic bile duct neoplasm"
"1350","bronchus cancer"
"1351","metastatic malignant neoplasm in the colon"
"1352","insulinoma"
"1353","neuroma"
"1354","gastric papillary adenocarcinoma"
"1355","somatostatinoma"
"1356","ectomesenchymoma"
"1357","acinar prostate adenocarcinoma, foamy gland variant"
"1358","acinar prostate mucinous adenocarcinoma"
"1359","askin tumor"
"1360","endometrial adenosquamous carcinoma"
"1361","papillary cystic neoplasm"
"1362","progesterone-receptor negative breast cancer"
"1363","myxoid chondrosarcoma"
"1364","primary melanoma of the central nervous system"
"1365","malignant tumor of minor salivary gland"
"1366","renal leiomyoma"
"1367","cystic nephroma"
"1368","brcax breast cancer"
"1369","female reproductive endometrioid cancer"
"1370","submandibular gland neoplasm"
"1371","mixed epithelial stromal tumor of the kidney"
"1372","ossifying renal tumor of infancy"
"1373","childhood leukemia"
"1374","benign kidney neoplasm"
"1375","benign renal pelvis neoplasm"
"1376","inclusion body fibromatosis"
"1377","hidradenoma"
"1378","granular cell cancer"
"1379","chondroid chordoma"
"1380","spinal cord primitive neuroectodermal tumor"
"1381","malignancy in giant cell tumor of bone"
"1382","spinal cord glioma"
"1383","intestinal neuroendocrine neoplasm"
"1384","uterine benign neoplasm"
"1385","klatskin's tumor"
"1386","orbit neoplasm"
"1387","epstein-barr virus-positive diffuse large b-cell lymphoma of the elderly"
"1388","primary pulmonary diffuse large b-cell lymphoma"
"1389","orbital cancer"
"1390","tracheal squamous cell carcinoma"
"1391","rhabdomyosarcoma with mixed embryonal and alveolar features"
"1392","rectum carcinoma in situ"
"1393","gonadal teratoma"
"1394","choroid plexus cancer"
"1395","choroid plexus neoplasm"
"1396","nevus comedonicus syndrome"
"1397","appendix cancer"
"1398","soft tissue chondroma"
"1399","synovial chondromatosis"
"1400","head and neck paraganglioma"
"1401","ethmoid sinus squamous cell carcinoma"
"1402","optic nerve glioblastoma"
"1403","bladder flat intraepithelial lesion"
"1404","transitional cell neoplasm"
"1405","small intestinal tubulovillous adenoma"
"1406","ureter carcinoma"
"1407","renal pelvis carcinoma"
"1408","lymphangiosarcoma"
"1409","brainstem cancer"
"1410","kidney benign neoplasm"
"1411","benign female reproductive system neoplasm"
"1412","prostate rhabdomyosarcoma"
"1413","skin sarcoma"
"1414","generalized juvenile polyposis/juvenile polyposis coli"
"1415","ocular melanocytosis"
"1416","cystic renal cell carcinoma"
"1417","benign neoplasm of oral cavity"
"1418","juvenile hyaline fibromatosis"
"1419","bladder paraganglioma"
"1420","malignant giant cell tumor"
"1421","malignant ovarian brenner tumor"
"1422","ovarian clear cell cystadenocarcinoma"
"1423","prostate sarcoma"
"1424","hereditary papillary renal cell carcinoma"
"1425","congenital hemangioma"
"1426","endolymphatic sac tumor"
"1427","major salivary gland mucoepidermoid carcinoma"
"1428","malignant giant cell tumor of soft parts"
"1429","acth-producing pituitary gland carcinoma"
"1430","prolactin-producing pituitary gland carcinoma"
"1431","floor of mouth mucoepidermoid carcinoma"
"1432","gastric squamous cell carcinoma"
"1433","periosteal chondrosarcoma"
"1434","intracranial extraskeletal myxoid chondrosarcoma"
"1435","chondromyxoid fibroma"
"1436","grade ii glioma"
"1437","polar spongioblastoma"
"1438","periosteal chondroma"
"1439","high grade surface osteosarcoma"
"1440","amelanotic melanoma"
"1441","cutaneous mastocytosis"
"1442","colorectal medullary carcinoma"
"1443","sigmoid neoplasm"
"1444","malignant paraganglioma"
"1445","ocular cancer"
"1446","extragonadal germ cell tumor"
"1447","undifferentiated pleomorphic sarcoma, inflammatory variant"
"1448","heart neoplasm"
"1449","mediastinal cancer"
"1450","acute megakaryoblastic leukemia in down syndrome"
"1451","erythroid neoplasm"
"1452","common hematopoietic neoplasm"
"1453","adult acute megakaryoblastic leukemia"
"1454","calcifying epithelial odontogenic tumor"
"1455","blue rubber bleb nevus"
"1456","placental hemangioma"
"1457","melanotic neurilemmoma"
"1458","central nervous system germ cell tumor"
"1459","cutaneous adenocystic carcinoma"
"1460","malignant breast phyllodes tumor"
"1461","neuroendocrine tumor of the appendix, well differentiated, low or intermediate grade"
"1462","colorectal gastrointestinal stromal tumor"
"1463","myomatous neoplasm"
"1464","endometrial small cell carcinoma"
"1465","basal cell neoplasm"
"1466","skin mastocytoma"
"1467","maculopapular cutaneous mastocytosis"
"1468","choroid neoplasm"
"1469","testicular large cell calcifying sertoli cell tumor"
"1470","ovarian serous adenofibroma"
"1471","pancreatic large cell neuroendocrine carcinoma"
"1472","pancreatic small cell neuroendocrine carcinoma"
"1473","peritoneal benign neoplasm"
"1474","squamous cell carcinoma of colon"
"1475","neurofibromatosis"
"1476","liver fibrosarcoma"
"1477","cornea neoplasm"
"1478","carcinoma in situ of cecum"
"1479","appendix adenoma"
"1480","appendix villous adenoma"
"1481","malignant exocrine pancreas neoplasm"
"1482","benign ovarian endometrioid tumor"
"1483","borderline exocrine pancreatic neoplasm"
"1484","borderline ovarian brenner tumor"
"1485","cervical endometrioid adenocarcinoma"
"1486","colon neuroendocrine tumor g1"
"1487","pleural sarcomatoid mesothelioma"
"1488","pyloric gland adenoma"
"1489","small intestinal tubular adenoma"
"1490","submandibular gland adenocarcinoma"
"1491","tracheal carcinoma"
"1492","extrahepatic bile duct adenosquamous carcinoma"
"1493","extrahepatic bile duct squamous cell carcinoma"
"1494","gallbladder squamous cell carcinoma"
"1495","gastric small cell neuroendocrine carcinoma"
"1496","gastrointestinal hamartoma"
"1497","peripheral nerve schwannoma"
"1498","gallbladder neoplasm"
"1499","benign blood vessel neoplasm"
"1500","lipomatous cancer"
"1501","hereditary retinoblastoma"
"1502","mixed somatotroph-lactotroph pituitary gland adenoma"
"1503","pancreatic gastrinoma"
"1504","pancreatic glucagonoma"
"1505","pancreatic vipoma"
"1506","hyperparathyroidism 2 with jaw tumors"
"1507","gastrin-producing neuroendocrine tumor"
"1508","laryngeal neuroendocrine neoplasm"
"1509","neurofibromatosis type 1 due to nf1mutation or intragenic deletion"
"1510","goiter, multinodular 1, with or without sertoli-leydig cell tumors"
"1511","hereditary pheochromocytoma-paraganglioma"
"1512","vip-producing neuroendocrine tumor"
"1513","familial papillary thyroid carcinoma with renal papillary neoplasia"
"1514","duodenal gastrin-producing neuroendocrine tumor"
"1515","pancreatic somatostatinoma"
"1516","malignant bladder paraganglioma"
"1517","meninges hemangiopericytoma"
"1518","pharynx neoplasm"
"1519","secondary carcinoma"
"1520","urethral neoplasm"
"1521","cecum cancer"
"1522","cecal neoplasm"
"1523","rectosigmoid junction neoplasm"
"1524","skin cavernous hemangioma"
"1525","hereditary renal cell carcinoma"
"1526","maxillary sinus adenoid cystic carcinoma"
"1527","lymphangiomyoma"
"1528","medulloblastoma with extensive nodularity"
"1529","cardiac rhabdomyoma"
"1530","pineal parenchymal tumor of intermediate differentiation"
"1531","melanotic neuroectodermal tumor"
"1532","nervous system neoplasm"
"1533","hereditary multiple osteochondromas"
"1534","pancreatic tubular adenocarcinoma"
"1535","esophageal neuroendocrine tumor"
"1536","fibromyxoid tumor"
"1537","optic nerve neoplasm"
"1538","parotid gland carcinoma ex pleomorphic adenoma"
"1539","cellular schwannoma"
"1540","spinal cord cancer"
"1541","rectum neuroendocrine neoplasm"
"1542","mixed germ cell tumor of central nervous system"
"1543","malignant triton tumor"
"1544","sympathetic paraganglioma"
"1545","familial retinoblastoma"
"1546","connective tissue neoplasm"
"1547","multiple non-ossifying fibromatosis"
"1548","infratentorial neoplasm"
"1549","optic pathway glioma"
"1550","neurofibromatosis type 1 due to nf1 mutation or intragenic deletion"
"1551","epithelioid malignant peripheral nerve sheath tumor"
"1552","lymphoplasmacyte-rich meningioma"
"1553","neurothekeoma"
"1554","papillary meningioma"
"1555","familial meningioma"
"1556","gingival fibromatosis-hypertrichosis syndrome"
"1557","mesothelial neoplasm"
"1558","bone carcinoma"
"1559","gallbladder neuroendocrine tumor, grade 1/2"
"1560","jugulotympanic paraganglioma"
"1561","neoplasm of neck"
"1562","keratinizing squamous cell carcinoma"
"1563","skin basosquamous cell carcinoma"
"1564","papillary follicular thyroid adenocarcinoma"
"1565","diffuse melanocytosis"
"1566","lacrimal duct cancer"
"1567","primary melanocytic lesion of meninges"
"1568","sex hormone-producing adrenal cortex adenoma"
"1569","breast sarcoma"
"1570","intracranial primitive neuroectodermal tumor"
"1571","childhood kidney neoplasm"
"1572","apocrine sweat gland cancer"
"1573","fallopian tube carcinosarcoma"
"1574","skull neoplasm"
"1575","human papillomavirus-related squamous cell carcinoma"
"1576","paranasal sinus cancer"
"1577","thymoma type b1"
"1578","pericytic neoplasm"
"1579","angioleiomyoma"
"1580","normal breast-like subtype of breast carcinoma"
"1581","blood vessel neoplasm"
"1582","malignant tumor of floor of mouth"
"1583","gallbladder adenosquamous carcinoma"
"1584","thyroid gland hyalinizing trabecular tumor"
"1585","low grade vulvar intraepithelial neoplasia"
"1586","papillary tumor of the pineal region"
"1587","extragonadal germ cell cancer"
"1588","ovarian endometrial cancer"
"1589","gastric choriocarcinoma"
"1590","lip neoplasm"
"1591","thyroid gland mixed medullary and follicular cell carcinoma"
"1592","neoplasm of thorax"
"1593","salivary gland small cell carcinoma"
"1594","epidural neoplasm"
"1595","childhood malignant kidney neoplasm"
"1596","gonadal germ cell tumor"
"1597","small intestine neuroendocrine tumor, well differentiated, low or intermediate grade"
"1598","pleural solitary fibrous tumor"
"1599","benign soft tissue neoplasm"
"1600","uveal cancer"
"1601","conjunctival intraepithelial neoplasm"
"1602","cervical intraepithelial neoplasia grade 2/3"
"1603","glandular cell neoplasm"
"1604","primary cutaneous b-cell lymphoma"
"1605","colon mucinous adenocarcinoma"
"1606","mesenchymoma"
"1607","pediatric fibrosarcoma"
"1608","childhood germ cell tumor"
"1609","central nervous system nongerminomatous germ cell tumor"
"1610","uterine corpus undifferentiated sarcoma"
"1611","major salivary gland carcinoma ex pleomorphic adenoma"
"1612","middle ear squamous cell carcinoma"
"1613","mixed tumor of the skin"
"1614","ovarian serous adenocarcinofibroma"
"1615","transitional cell papilloma"
"1616","papillary squamous carcinoma"
"1617","ovarian large-cell neuroendocrine carcinoma"
"1618","composite lymphoma"
"1619","hemangioma of subcutaneous tissue"
"1620","granular cell carcinoma"
"1621","ovarian clear cell malignant adenofibroma"
"1622","bladder mixed adenocarcinoma"
"1623","retinal cancer"
"1624","paranasal sinus neoplasm"
"1625","skin squamous cell carcinoma in situ"
"1626","parasympathetic paraganglioma"
"1627","tonsil neoplasm"
"1628","benign conjunctival neoplasm"
"1629","benign salivary gland myoepithelioma"
"1630","dedifferentiated solitary fibrous tumor"
"1631","carcinoma of floor of mouth"
"1632","epithelial skin neoplasm"
"1633","bile duct neoplasm"
"1634","thymic sarcomatoid carcinoma"
"1635","carcinosarcoma of the corpus uteri"
"1636","ethmoid sinus adenoid cystic carcinoma"
"1637","benign laryngeal neoplasm"
"1638","epithelioid type angiomyolipoma"
"1639","subependymal glioma"
"1640","renal adenoma"
"1641","duodenal benign neoplasm"
"1642","nasal cavity carcinoma"
"1643","mixed neoplasm"
"1644","bone squamous cell carcinoma"
"1645","skin hemangioma"
"1646","cerebellar hemangioblastoma"
"1647","conjunctival tumor"
"1648","hereditary wilms tumor"
"1649","colon neuroendocrine neoplasm"
"1650","duodenal neuroendocrine tumor, well differentiated, low or intermediate grade"
"1651","hepatocellular clear cell carcinoma"
"1652","benign eyelid neoplasm"
"1653","anaplastic lung carcinoma"
"1654","adrenal medulla neoplasm"
"1655","thymoma type b"
"1656","benign glioma"
"1657","benign digestive system neoplasm"
"1658","aggressive primary cutaneous t-cell lymphoma"
"1659","pleural neoplasm"
"1660","neoplasm of floor of mouth"
"1661","papillary epithelial neoplasm"
"1662","thyroid gland mucoepidermoid carcinoma"
"1663","malignant non-epithelial tumor of ovary"
"1664","sweat gland adenoma"
"1665","corpus uteri neoplasm"
"1666","epithelial tumor of colon"
"1667","synovium neoplasm"
"1668","acute myeloid leukemia by fab classification"
"1669","liver cavernous hemangioma"
"1670","spleen neoplasm"
"1671","cavernous sinus meningioma"
"1672","skin carcinoma in situ"
"1673","non-functioning pituitary gland neoplasm"
"1674","phosphaturic mesenchymal tumor"
"1675","adult acute monocytic leukemia"
"1676","minimally differentiated acute myeloblastic leukemia"
"1677","hemangioma, cavernous, central nervous system"
"1678","jejunal cancer"
"1679","retroperitoneal neuroblastoma"
"1680","sella turcica neoplasm"
"1681","muscular tumor"
"1682","mucinous bronchioloalveolar adenocarcinoma"
"1683","ovarian steroid cell tumor"
"1684","colorectal lymphoma"
"1685","middle ear cancer"
"1686","jejunal neuroendocrine tumor, well differentiated, low or intermediate grade"
"1687","parachordoma"
"1688","glomus jugulare tumor"
"1689","ovarian sclerosing stromal tumor"
"1690","pancreatic exocrine neoplasm"
"1691","mucin-producing carcinoma"
"1692","cervical adenoid cystic carcinoma"
"1693","neoplasm of mediastinum"
"1694","mesenchymal hamartoma"
"1695","brown-pearce carcinoma"
"1696","small cell sarcoma"
"1697","uterine cervix carcinoma in situ"
"1698","angiomyoma"
"1699","cystic, mucinous, and serous neoplasm"
"1700","benign vaginal neoplasm"
"1701","respiratory system neoplasm"
"1702","placenta neoplasm"
"1703","unilateral retinoblastoma"
"1704","melanoma, cutaneous malignant, susceptibility to, 8"
"1705","mammary neoplasms"
"1706","chronic myelogenous leukemia, bcr-abl1 positive"
"1707","lung large cell carcinoma"
"1708","burkitt lymphoma"
"1709","blastic phase chronic myeloid leukemia"
"1710","chronic myelocytic leukemia accelerated phase"
"1711","chronic phase chronic myeloid leukemia"
"1712","myelodysplastic/myeloproliferative diseases with re-arrangements of the gene for platelet-derived growth factor receptor (pdgfr)"
"1713","fibrillary astrocytoma"
"1714","juvenile pilocytic astrocytoma"
"1715","gemistocytic astrocytoma"
"1716","childhood cerebral astrocytoma"
"1717","astrocytoma (excluding glioblastoma)"
"1718","diffuse astrocytoma"
"1719","b-cell chronic lymphocytic leukemia"
"1720","head and neck cancer"
"1721","nasopharyngeal carcinoma"
"1722","gastric neoplasm"
"1723","colorectal neoplasms"
"1724","intracranial meningioma"
"1725","lung neoplasms"
"1726","malignant neoplasm of pancreas"
"1727","exocrine pancreatic carcinoma"
"1728","alk fusion gene-positive non-small-cell lung cancer"
"1729","conventional (clear cell) renal cell carcinoma"
"1730","brain neoplasms"
"1731","anaplastic lymphoma kinase positive anaplastic large cell lymphoma"
"1732","advanced/recurrent anaplasticlymphoma kinase (alk)-positive non-small cell lung cancer"
"1733","liver carcinoma"
"1734","hormone receptor positive malignant neoplasm of breast"
"1735","metastatic prostate carcinoma"
"1736","hormone refractory prostate cancer"
"1737","castration-resistant prostate cancer"
"1738","metastasis from malignant tumor of prostate"
"1739","lymphoma, t-cell, cutaneous"
"1740","neoplasms"
"1741","benign neoplasm of stomach"
"1742","urologic neoplasms"
"1743","squamous cell carcinoma of oropharynx"
"1744","pancreatic intraductal papillary-mucinous carcinoma"
"1745","metastatic renal cell carcinoma"
"1746","leukemia, acute lymphocytic, susceptibility to, 1"
"1747","plasma cell myeloma"
"1748","head and neck neoplasm"
"1749","lymphosarcoma"
"1750","non-hodgkin lymphoma"
"1751","benign connective and soft tissue neoplasm"
"1752","malignant lymphoma - small lymphocytic"
"1753","pancreatic intraductal papillary-mucinous neoplasm with low grade dysplasia"
"1754","myeloproliferative neoplasm"
"1755","myeloproliferative disease"
"1756","philadelphia chromosome-positive acute lymphoblastic leukemia"
"1757","urinary bladder neoplasm"
"1758","marginal zone lymphoma"
"1759","malignant melanoma with braf v600e mutation"
"1760","metastatic malignant melanoma"
"1761","carcinoma of thyroid"
"1762","lymphoma, non-hodgkin, familial"
"1763","thyroid gland papillary carcinoma"
"1764","thyroid cancer, nonmedullary, 2"
"1765","thyroid cancer, nonmedullary, 1"
"1766","protoplasmic astrocytoma"
"1767","adamantinous craniopharyngioma"
"1768","sezary syndrome"
"1769","thyroid adenoma"
"1770","thyroid gland carcinoma"
"1771","bronchioloalveolar adenocarcinoma"
"1772","metastasis from malignant tumor of colon"
"1773","braf mutation-positive colorectal cancer"
"1774","unresectable malignant melanoma with braf gene mutation"
"1775","gastrointestinal neoplasms"
"1776","pancreatic cancer, susceptibility to, 4"
"1777","peritoneal carcinoma"
"1778","sporadic breast cancer"
"1779","pancreatic cancer, susceptibility to, 2"
"1780","glioma susceptibility 3"
"1781","adult medulloblastoma"
"1782","melanotic medulloblastoma"
"1783","childhood medulloblastoma"
"1784","desmoplastic/nodular medulloblastoma"
"1785","malignant squamous cell neoplasm"
"1786","giant cell glioblastoma"
"1787","post-essential thrombocythaemia myelofibrosis"
"1788","post-polycythaemia vera myelofibrosis"
"1789","primary central nervous system lymphoma"
"1790","salivary gland neoplasms"
"1791","malignant neoplasm of salivary gland"
"1792","intestinal polyps"
"1793","human epidermal growth factor 2 negative carcinoma of breast"
"1794","pre b-cell acute lymphoblastic leukemia"
"1795","diffuse large b-cell lymphoma refractory"
"1796","malignant lymphoma, large b-cell, diffuse"
"1797","hodgkin disease"
"1798","extensive stage primary small cell carcinoma of lung"
"1799","germline brca-mutated, her2-negative metastatic breast cancer"
"1800","metastatic non-small cell lung cancer"
"1801","recurrent chronic lymphocytic leukemia"
"1802","extensive-stage small cell lung cancer"
"1803","adrenal cortex adenoma"
"1804","carcinoma of esophagus"
"1805","small cell carcinoma of lung"
"1806","sarcoma of soft tissue"
"1807","relapsed or refractory follicular lymphoma"
"1808","relapsed or refractory marginal zone lymphoma"
"1809","microsatellite instability-high colorectal cancer"
"1810","adrenal gland neoplasms"
"1811","parathyroid gland adenoma"
"1812","desmoid tumor"
"1813","philadelphia chromosome positive chronic myelocytic leukemia"
"1814","non-small cell lung cancer, positive for epidermal growth factor receptor expression"
"1815","rectal cancer"
"1816","malignant tumor of nasopharynx"
"1817","her2-positive carcinoma of breast"
"1818","squamous cell carcinoma of mouth"
"1819","squamous cell carcinoma of nose"
"1820","squamous cell carcinoma of pharynx"
"1821","secondary malignant neoplasm of colon"
"1822","squamous non-small cell lung cancer"
"1823","egfr mutation-positive, unresectable or recurrent non-small cell lung cancer"
"1824","small intestine neuroendocrine neoplasm"
"1825","skin pigmented basal cell carcinoma"
"1826","secondary malignant neoplasm of female breast"
"1827","glioma susceptibility 1"
"1828","malignant neoplasm of gastrointestinal tract"
"1829","her2-positive salivary gland tumors"
"1830","human epidermal growth factor 2 positive gastric cancer"
"1831","secondary malignant neoplasm of stomach"
"1832","metastatic human epidermal growth factor 2 positive carcinoma of breast"
"1833","carcinoma of female breast"
"1834","metastatic breast carcinoma"
"1835","uterine corpus leiomyoma"
"1836","prevention of breast carcinoma"
"1837","metastatic breast cancer progression post-antiestrogen therapy"
"1838","advanced prostatic carcinoma"
"1839","barrett esophagus"
"1840","myeloproliferative disorder, chronic, with eosinophilia"
"1841","histiocytoma, angiomatoid fibrous"
"1842","medulloepithelioma"
"1843","extraosseous chondrosarcoma"
"1844","neuroectodermal tumor, primitive"
"1845","b-cell lymphomas"
"1846","thyroid gland follicular carcinoma"
"1847","metastatic urothelial carcinoma"
"1848","malignant neoplasm of common bile duct (& [carcinoma])"
"1849","teratoma of testis"
"1850","acute myelomonocytic leukemia m4"
"1851","acute biphenotypic leukemia"
"1852","acute myeloid leukemia with fms-like tyrosine kinase-3 mutation"
"1853","noninfiltrating intraductal carcinoma"
"1854","oral cavity neoplasm"
"1855","tongue neoplasms"
"1856","verrucous nevus"
"1857","inflammatory linear verrucous epidermal nevus"
"1858","enchondroma"
"1859","fibrous skin tumor of tuberous sclerosis"
"1860","kaposi sarcoma"
"1861","kaposi sarcoma, susceptibility to"
"1862","malignant neoplasm of colon and/or rectum"
"1863","malignant prostate phyllodes tumor"
"1864","psma-positive metastatic castration-resistant prostate cancer"
"1865","uterine neoplasms"
"1866","unresectable or metastatic melanoma"
"1867","malignant melanoma with braf v600k mutation"
"1868","meningeal leukemia"
"1869","glucagonoma"
"1870","adrenal medulla cancer"
"1871","type 1 papillary renal cell carcinoma"
"1872","central nervous system neoplasms"
"1873","colorectal cancer, hereditary nonpolyposis, type 2"
"1874","malignant central nervous system neoplasm"
"1875","non-hodgkin's lymphoma"
"1876","cd20-positive follicular lymphoma"
"1877","follicular non-hodgkin's lymphoma"
"1878","colorectal cancer, hereditary nonpolyposis, type 5"
"1879","cutaneous neuroendocrine carcinoma"
"1880","neuroectodermal tumors"
"1881","spinal meningioma"
"1882","neoplasm with perivascular epithelioid cell differentiation"
"1883","schwannomatosis 1"
"1884","acoustic neuroma"
"1885","neuroma, acoustic, bilateral"
"1886","neurofibrosarcoma"
"1887","malignant neoplasm"
"1888","ntrk fusion gene-positive advanced or recurrent solid tumors"
"1889","malignant tumor of peritoneum"
"1890","carcinoma in situ of fallopian tube"
"1891","malignant tumor of head and/or neck"
"1892","classical hodgkin lymphoma"
"1893","malignant tumor of esophagus"
"1894","unresectable, advanced or recurrent gastric cancer"
"1895","triple negative breast neoplasms"
"1896","myofibromatosis, infantile, 1"
"1897","colorectal cancer, hereditary nonpolyposis, type 4"
"1898","supratentorial neoplasms"
"1899","colorectal cancer, susceptibility to, 10"
"1900","colorectal cancer, susceptibility to, 12"
"1901","parathyroid gland adenocarcinoma"
"1902","tumors of adrenal cortex"
"1903","endocrine gland neoplasms"
"1904","plantar fibromatosis"
"1905","relapse multiple myeloma"
"1906","basal cell carcinoma, susceptibility to, 1"
"1907","hibernoma"
"1908","melanoma, cutaneous malignant, susceptibility to, 1"
"1909","phaeochromocytoma"
"1910","pheochromocytoma"
"1911","metastasis from malignant tumor of thyroid"
"1912","reactive oxygen species 1 positive non-small cell lung cancer"
"1913","solid neoplasm with neurotrophic receptor tyrosine kinase gene fusion"
"1914","endometrioid stromal sarcoma"
"1915","melanoma, cutaneous malignant, susceptibility to, 9"
"1916","myelodysplastic syndrome with excess blasts"
"1917","acute myeloid leukemia with multilineage dysplasia"
"1918","anaplastic large t-cell systemic malignant lymphoma"
"1919","cd30-positive peripheral t-cell lymphoma"
"1920","secondary malignant neoplasm of pancreas"
"1921","malignant tumor of lung"
"1922","diffuse non-hodgkin's lymphoma, large cell"
"1923","erythroleukemia, fab m6"
"1924","kaposi's sarcoma associated with aids"
"1925","metastatic gastric cancer"
"1926","soft or connective tissue sarcoma"
"1927","genitourinary neoplasms"
"1928","nasopharyngeal carcinoma, susceptibility to, 1"
"1929","lymph node positive colorectal carcinoma"
"1930","primary malignant neoplasm of gastrointestinal tract"
"1931","nonsquamous nonsmall cell neoplasm of lung"
"1932","invasive lobular breast carcinoma"
"1933","multiple endocrine adenomas"
"1934","parathyroid carcinoma with hypercalcemia"
"1935","metastatic uveal melanoma"
"1936","unresectable uveal melanoma"
"1937","carcinoma in situ of adrenal cortex"
"1938","metastatic castration-resistant prostate cancer"
"1939","colorectal cancer, hereditary nonpolyposis, type 8"
"1940","prostate cancer/brain cancer susceptibility"
"1941","acute erythroleukemia, familial"
"1942","bone metastases of solid tumors"
"1943","osteolytic lesions of multiple myeloma"
"1944","osteolytic bone metastases of breast cancer"
"1945","subependymal giant cell astrocytoma associated with tuberous sclerosis"
"1946","nodular sclerosis classical hodgkin lymphoma"
"1947","vipoma"
"1948","vaginal neoplasms"
"1949","anus neoplasm"
"1950","refractory peripheral t-cell lymphoma"
"1951","nose neoplasms"
"1952","cancer of nose"
"1953","nasopharyngeal carcinoma, susceptibility to, 3"
"1954","progressive diffuse large b-cell lymphoma"
"1955","cystic aponeurosis tumor"
"1956","secondary malignant neoplasm of kidney"
"1957","low-grade b cell non-hodgkin lymphoma"
"1958","colorectal cancer, susceptibility to, 3"
"1959","acute myelomonocytic leukemia, fab m4"
