"primary cutaneous peripheral t-cell lymphoma, unspecified"
"primary cutaneous ptl, unspecified"
"diffuse large b-cell lymphoma, leg-type"
"diffuse large b-cell lymphoma, other"
"parapsoriasis – large patch type, with or without poikiloderma"
"parapsoriasis – large patch type, with poikiloderma"
"parapsoriasis – large patch type, without poikiloderma"
"clear cell carcinoma, n.o.s."
"adenocarcinoma, n.o.s."
"cystic, partially differentiated nephroblastoma"
"invasive ductal carcinoma, nos"
"invasive ductal carcinoma, not otherwise specified"
"periductal stromal sarcoma, low grade"
"chronic myeloproliferative disease, unclassifiable"
"myelodysplastic syndrome, unclassifiable"
"aml, minimally differentiated"
"peripheral t-cell lymphoma, unspecified"
"dendritic-cell sarcoma, not otherwise specified"
"schwannoma (neurilemmoma, neurinoma)"
schwannoma (neurilemmoma)
schwannoma (neurinoma)
"mesenchymal, non-meningothelial tumors"
cutaneous adult t-cell leukaemia / lymphoma
cutaneous adult t-cell leukaemia
cutaneous adult t-cell lymphoma
t-cell / histiocyte-rich large b-cell lymphoma
chronic lymphocytic leukaemia / small lymphocytic lymphoma
chronic lymphocytic leukaemia
small lymphocytic lymphoma
primary malignant peripheral primitive neuroectodermal tumour (pnet) / extraskeletal ewing sarcoma (es)
primary malignant peripheral primitive neuroectodermal tumour (pnet)
extraskeletal ewing sarcoma (es)
nerve sheath myxoma / neurothekeoma
nerve sheath myxoma
neurothekeoma
papilloma / papillomatosis
papilloma
papillomatosis
odontogenic fibroma / fibroodontoma
fibroodontoma
odontogenic myxoma / myxofibroma
myxofibroma
renal carcinomas associated with xp11.2 translocations / tfe3 gene fusions
neural / neuroendocrine tumours
neural  tumours
paraganglioma / phaeochromocytoma
sex cord / gonadal stromal tumours
sex cord tumours
gonadal stromal tumours
thecoma/fibroma tumours
thecoma tumours
fibroma tumours
malignant sex cord / gonadal stromal tumours
malignant sex cord tumours
lymphoid / histiocytic tumours
lymphoid  tumours
epithelioid haemangioendothelioma / angiosarcoma
epithelioid angiosarcoma
precursor t-lymphoblastic lymphoma / leukaemia
precursor t-lymphoblastic lymphoma
precursor t-lymphoblastic leukaemia
grey zone lymphoma hodgkin / nhl
grey zone lymphoma hodgkin
grey zone lymphoma nhl
pleomorphic malignant fibrous histiocytoma / undifferentiated pleomorphic sarcoma
pleomorphic malignant fibrous histiocytoma
small cell / oat cell carcinoma
small cell carcinoma
oat cell carcinoma
mixed epithelial/mesenchymal metaplastic carcinomas
radial scar
complex sclerosing lesion
lipoblastoma / lipoblastomatosis
lipoblastoma
lipoblastomatosis
spindle cell lipoma / pleomorphic lipoma
spindle cell lipoma
pleomorphic lipoma
atypical lipomatous tumour / well differentiated liposarcoma
well differentiated liposarcoma
fibroblastic / myofibroblastic tumours
fibroblastic tumours
myofibroma / myofibromatosis
myofibromatosis
pleomorphic malignant fibrous histiocytoma / undifferentiated high grade pleomorphic sarcoma
undifferentiated high grade pleomorphic sarcoma
giant cell malignant fibrous histiocytoma / undifferentiated pleomorphic sarcoma with giant cells
giant cell malignant fibrous histiocytoma
undifferentiated pleomorphic sarcoma with giant cells
inflammatory malignant fibrous histiocytoma / undifferentiated pleomorphic sarcoma with prominent inflammation
inflammatory malignant fibrous histiocytoma
undifferentiated pleomorphic sarcoma with prominent inflammation
mixed tumour / myoepithelioma / parachordoma
parachordoma
ewing sarcoma / primitive neuroectodermal tumour
primitive neuroectodermal tumour
ewing tumour / pnet
ewing tumour
pnet
chronic eosinophilic leukaemia / hypereosinophilic syndrome
hypereosinophilic syndrome
myelodysplastic / myeloproliferative diseases
myelodysplastic diseases
myeloproliferative diseases
precursor b-lymphoblastic leukaemia/lymphoma
precursor b-lymphoblastic leukaemia
precursor b-lymphoblastic lymphoma
precursor t-lymphoblastic leukaemia/lymphoma
lymphoplasmacytic lymphoma / waldenström macroglobulinaemia
waldenström macroglobulinaemia
burkitt lymphoma / leukaemia
burkitt leukaemia
adult t-cell leukaemia / lymphoma
adult t-cell leukaemia
adult t-cell lymphoma
mycosis fungoides / sézary syndrome
sézary syndrome
interdigitating dendritic cell sarcoma/tumour
interdigitating dendritic cell tumour
follicular dendritic cell sarcoma/tumour
follicular dendritic cell tumour
desmoplastic infantile astrocytoma/ganglioglioma
desmoplastic infantile astrocytoma
desmoplastic infantile ganglioglioma
atypical teratoid/rhabdoid tumor
"extranodal nk/t-cell lymphoma, nasal-type"
"myelodysplastic / myeloproliferative diseases, unclassifiable"
"aml with t(8;21)(q22;q22), (aml1/eto)"
"aml with inv(16)(p13q22) or t(16;16)(p13;q22), (cbfβ/myh11)"
"extranodal nk/t-cell lymphoma, nasal type"
desmoplastic melanoma and desmoplastic neurotropic melanoma
desmoplastic neurotropic melanoma
persistent melanoma and local metastasis of melanoma
persistent melanoma
local metastasis of melanoma
naevus of ito
naevus of ota
site specific and meyerson naevus
malignant tumours with apocrine and eccrine differentiation
paget disease and extramammary paget disease
benign tumours with apocrine and eccrine differentiation
tubular and tubular papillary adenoma
smooth and skeletal muscle tumours
tumours of the nasal cavity and paranasal sinuses
tumours of the nasal cavity
tumours of the paranasal sinuses
salivary gland-type carcinomas
salivary gland-type adenomas
borderline and lmp tumours
borderline tumours
lmp tumours
tumours of bone and cartilage
tumours of bone
tumours of cartilage
malignant salivary gland-type tumours
benign salivary gland-type tumours
tumours of the oral cavity and oropharynx
tumours of the oral cavity
tumours of the oropharynx
tumours of the salivary glands
tumours of ceruminous glands
osteoma and exostosis
exostosis
cholesterol granuloma and cholesteatoma
cholesterol granuloma
nephrogenic rests and nephroblastomatosis
nephroblastomatosis
mixed epithelial and stromal tumour
metastatic tumours and secondary extension
tumours of the renal pelvis and ureter
tumours of the renal pelvis
tumours of the ureter
tumours of the testis and paratesticular tissue
tumours of the paratesticular tissue
lymphoma and plasmacytoma and paratesticular tissues
paratesticular tissues
tumours of collecting ducts and rete
tumours of collecting ducts
tumours of rete
tumors of the thyroid and parathyroid
tumors of the thyroid
tumors of the parathyroid
mixed medullary and follicular cell carcinoma
primary lymphoma and plasmacytoma
primary lymphoma
primary plasmacytoma
tumors of the adrenal gland
acth and other ectopic hormone producing tumours
acth producing tumours
other ectopic hormone producing tumours
squamous dysplasia and carcinoma in situ
squamous dysplasia
glandular papilloma
adenomas of salivary gland type
mucous gland adenoma
myeloid sarcoma and extramedullary aml
extramedullary aml
fibrosarcoma and myxosarcoma
fibrosarcoma
myxosarcoma
malignant lymphoma and metastatic tumours
malignant lymphoma
metastatic tumours
tumours of the ovary and peritoneum
tumours and related lesions of the rete ovarii
miscellaneous tumours and tumour-like lesions
lymphomas and leukaemias
leukaemias
tumours of the fallopian tube and uterine ligaments
tumours of the uterine ligaments
epithelial tumours and related lesions
mesenchymal tumours and related lesions
squamous tumours and precursors
familial aggregation of cancers of the breast and female genital organs
cystadenocarcinoma and columnar cell mucinous carcinoma
cystadenocarcinoma
columnar cell mucinous carcinoma
proliferative fasciitis
proliferative myositis
myositis ossificans and fibroosseous pseudotumour of digits
myositis ossificans
fibroosseous pseudotumour of digits
extrapleural solitary fibrous tumour and haemangiopericytoma
extrapleural solitary fibrous tumour
haemangiopericytoma
haemangioma and related lesions
congenital and inherited syndromes
enchondromatosis: ollier disease and maffucci syndrome
enchondromatosis
ollier disease
maffucci syndrome
acute monoblastic and monocytic leukaemia
acute monoblastic leukaemia
precursor b- and t-cell neoplasms
mature t-cell neoplasms
mature nk-cell neoplasms
histiocytic cell neoplasms
dendritic cell neoplasms
neuronal and mixed neuronal-glial tumors
neuronal tumors
mixed neuronal-glial tumors
neuroblastomas of the adrenal gland and sympathetic nervous system
neuroblastomas of the adrenal gland
neuroblastomas of the sympathetic nervous system
lymphomas and hemopoietic neoplasms
hemopoietic neoplasms
secondary tumours and melanoma
secondary tumours
tumours of the colon
tumours of the rectum
tumours of the liver
tumours of the intrahepatic bile ducts
combined hepatocellular and cholangiocarcinoma
bile duct cystadenoma and cystadenocarcinoma
bile duct cystadenoma
tumours of the gallbladder
tumours of the extrahepatic bile ducts
neural and mesenchymal tumours
"fibrous, fibrohistiocytic and histiocytic tumours"
fibrohistiocytic tumours
"palisaded, encapsulated neuroma and traumatic neuroma"
"palisaded, encapsulated neuroma"
traumatic neuroma
"tumours of the hypopharynx, larynx, and trachea"
tumours of the hypopharynx
tumours of the larynx
tumours of the trachea
"familial paraganglioma-phaeochromocytoma syndromes caused by sdhb, sdhc, and sdhd mutations"
"melanotic, germ cell, lymphoid and secondary tumours of the cervix"
"melanotic, neuroectodermal, lymphoid and secondary tumours"
melanotic tumours
neuroectodermal tumours
lymphoid tumours
"germ cell, neuroectodermal, lymphoid and secondary tumours"
germ cell  tumours
"myogenic, lipogenic, neural, and epithelial tumours"
myogenic tumours
lipogenic tumours
"acute myeloid leukaemia and myelodysplastic syndrome, therapy related"
"acute myeloid leukaemia, therapy related"
"myelodysplastic syndrome, therapy related"
precursor t-lymphoblastic leukaemia / lymphoma and precursor b-lymphoblastic leukaemia / lymphoma
precursor b-lymphoblastic leukaemia / lymphoma
tumours containing both germ cell and sex cord / gonadal stromal elements
mpnst with divergent mesenchymal and/or epithelial differentiation
mpnst with divergent mesenchymal differentiation
mpnst with divergent epithelial differentiation
"sex cord-like, neuroectodermal / neuroendocrine tumours, lymphomas and leukaemias"
"acute promyelocytic leukaemia (aml with t(15;17)(q22;q12), (pml/rarα) and variants)"
keratinocytic tumours
keratotic basal cell carcinoma
other variants
spindle-cell squamous cell carcinoma
pseudovascular squamous cell carcinoma
bowen disease
bowenoid papulosis
verrucas
verruca plantaris
acanthomas
epidermolytic acanthoma
acantholytic acanthoma
lentigo simplex
melanoacanthoma
malignant melanoma
superficial spreading melanoma
lentigo maligna
acral-lentiginous melanoma
melanoma arising from blue naevus
childhood melanoma
common blue naevus
mongolian spot
cellular blue naevus
deep penetrating naevus
melanotic macules
simple lentigo – lentiginous melanocytic naevus
persistent (recurrent) melanocytic naevus
pigmented spindle cell naevus (reed)
spiradenocarcinoma
digital papillary carcinoma
hidrocytoma
mycosis fungoides (mf)
pagetoid reticulosis
syringotropic mf
folliculotropic mf
granulomatous mf
granulomatous slack skin
cd30+ t-cell lymphoproliferative disorders
lymphomatoid papulosis (lyp)
primary cutaneous anaplastic large-cell lymphoma
cutaneous γδ t-cell lymphoma
primary cutaneous aggressive epidermotropic cd8+ cytotoxic t-cell lymphoma
primary cutaneous small-medium cd4+ t-cell lymphoma
hydroa vacciniforme-like cutaneous t-cell lymphoma
cutaneous involvement in primary extranodal t-cell lymphoma
systemic anaplastic large cell lymphoma (alcl)
angioimmunoblastic t-cell lymphoma (aitl)
cutaneous marginal zone b-cell lymphoma
cutaneous diffuse large b-cell lymphoma
secondary skin involvement by diffuse large b-cell lymphoma
cutaneous involvement in primary extracutaneous b-cell lymphoma
blastic nk-cell lymphoma
cutaneous involvement by myeloid leukaemia
lymphoid infiltrates of the skin mimicking lymphoma
parapsoriasis
small plaque parapsoriasis
indeterminate cell histiocytosis
sinus histiocytosis with massive lymphadenopathy (rosai-dorfman)
haemangioma of infancy
angiomyolipid hyperplasia with eosinophilia
tufted angioma
bacillary angiomatosis
reactive angioendotheliomatosis
verrucous haemangioma
pyogenic granuloma
cavernous haemangioma
angiokeratomas
arteriovenous haemangioma
lymphangio tumours
lymphangioma circumscriptum
progressive lymphangioma
pilar leiomyoma
cutaneous leiomyosarcoma
rhabdomyomatous mesenchymal hamartoma
keloid scar
hypertrophic scar
dermatofibroma
infantile myofibromatosis
digital mucous cyst
digital fibrokeratoma
palisaded encapsulated neuroma
inherited tumour syndromes
familial cutaneous melanoma
xeroderma pigmentosum
naevoid basal cell carcinoma (gorlin) syndrome
cowden syndrome
carney complex
adenocarcinoma
schneiderian papillomas
malignant soft tissue tumours
benign soft tissue tumours
tumours of the nasopharynx
papillary adenocarcinoma
nasopharyngeal angiofibroma
verrucous carcinoma
spindle cell carcinoma
giant cell carcinoma
epithelial precursor lesions
mucosal malignant melanoma
precancerous conditions
papillary hyperplasia
median rhomboid glossitis
focal oral mucinosis
polymorphous low-grade adenocarcinoma
malignant sebaceous tumours
low-grade cribriform cystadenocarcinoma
oncocytic carcinoma
carcinosarcoma
metastasizing pleomorphic adenoma
large cell carcinoma
lymphadenomas
cystadenoma
ameloblastic carcinomas
ameloblastomas
keratocystic odontogenic tumour
bone related lesions
osseous dysplasias
central giant cell lesion
tumours of the ear
angiolymphoid hyperplasia with eosinophilia
kimura disease
idiopathic pseudocystic chondromalacia
middle ear
adenoma
papillary tumours
choristoma
inner ear
neurofibromatosis type 2
lipoma of the internal auditory canal
tumours of the paraganglionic system
carotid body paraganglioma
jugulotympanic paraganglioma
vagal paraganglioma
laryngeal paraganglioma
renal cell carcinoma
familial renal cancer
multilocular cystic renal cell carcinoma
carcinoma of the collecting ducts of bellini
renal medullary carcinoma
renal cell carcinoma associated with neuroblastoma
mucinous tubular spindle cell carcinoma
papillary adenoma of the kidney
renal cell carcinoma unclassified
clear cell sarcoma
rhabdoid tumour
renal angiosarcoma
malignant fibrous histiocytoma
angiomyolipoma
epithelioid angiomyolipoma
intrarenal schwannoma
cystic nephroma
renal carcinoid tumour
primitive neuroectodermal tumour (ewing sarcoma)
leukaemia
tumours of the urinary system
infiltrating urothelial carcinoma
non-invasive urothelial tumours
urothelial hyperplasia
urothelial dysplasia
inverted papilloma
non-invasive high grade papillary urothelial carcinoma
carcinoid
other mesenchymal tumours
tumours of the urethra
acinar adenocarcinoma
prostatic intraepithelial neoplasia
ductal adenocarcinoma
urothelial carcinoma
secondary tumors involving the prostate
tumours of the seminal vesicles
spermatocytic seminoma
spermatocytic seminoma with sarcoma
teratomas
dermoid cyst
malignant leydig cell tumour
malignant sertoli cell tumour
incompletely differentiated tumours
mixed forms
tumours of paratesticular structures
papillary cystadenoma of epididymis
melanotic neuroectodermal tumour
tumours of the penis
basaloid carcinoma
warty (condylomatous) carcinoma
papillary carcinoma (nos)
sarcomatoid (spindle cell) carcinoma
mixed carcinomas
small cell carcinoma of neuroendocrine type
clear cell carcinoma
intraepithelial neoplasia grade iii
giant condyloma
erythroplasia of queyrat
tumors of the pituitary
growth hormone producing adenoma
prolactin producing adenoma
thyrotropin producing adenoma
acth producing adenoma
gonadotropin producing adenoma
null cell adenoma
plurihormonal adenoma
pituitary carcinoma
meningioma tumours
secondary tumours of the pituitary
papillary carcinoma
follicular carcinoma
poorly differentiated carcinoma
undifferentiated (anaplastic) carcinoma
spindle cell tumour with thymus-like differentiation
carcinoma showing thymus-like differentiation
follicular adenoma
ectopic thymoma
secondary tumours of the thyroid
secondary tumours of the parathyroid
malignant adrenal phaeochromocytoma
benign phaeochromocytoma
composite phaeochromocytoma or paraganglioma
extra-adrenal paraganglioma
extra-adrenal sympathetic paraganglioma
tumors of the endocrine pancreas
serotonin secreting tumour
non-functioning tumours
mixed exocrine-endocrine carcinomas
poorly differentiated endocrine carcinoma
multiple endocrine neoplasia type 1
multiple endocrine neoplasia type 2
hyperparathyroidism-jaw tumor syndrome
von hippel-lindau syndrome (vhl)
neurofibromatosis type 1
mccune-albright syndrome
familial non-medullary thyroid cancer
mixed subtype
bronchioloalveolar adenocarcinoma
solid adenocarcinoma
fetal adenocarcinoma
mucinous (colloid) adenocarcinoma
signet ring adenocarcinoma
lymphoepithelioma-like carcinoma
rhabdoid phenotype
sarcomatoid carcinoma
pleomorphic carcinoma
carcinoid tumour
typical carcinoid
atypical carcinoid
preinvasive epithelial lesions
atypical adenomatous hyperplasia
benign epithelial lesions
mixed papilloma
papillary adenoma
malt lymphoma
lymphangiomatosis
pulmonary vein sarcoma
pulmonary artery sarcoma
sclerosing haemangioma
clear cell tumour
intrapulmonary thymoma
metastases to the lung
tumours of the pleura
epithelioid mesothelioma
sarcomatoid mesothelioma
desmoplastic mesothelioma
biphasic mesothelioma
well differentiated papillary mesothelioma
localized malignant mesothelioma
pyothorax-associated lymphoma
calcifying tumour
thymomas
type a
type ab
type b1
type b2
type b3
micronodular thymoma
microscopic thymoma
sclerosing thymoma
lipofibroadenoma
thymic carcinomas
non-papillary adenocarcinoma
carcinoma with t(15;19) translocation
undifferentiated carcinoma
thymic neuroendocrine tumours
combined thymic epithelial tumours
gct with somatic type malignancy
gct with haematologic malignancies
lymphomas of the mediastinum
primary large b-cell lymphoma
thymic malt lymphoma
anaplastic large t-cell lymphoma
dendritic cell tumours
soft tissue tumours of the mediastinum
mediastinal lipoma
vascular neoplasms
leiomyomatous tumours
neurogenic tumours
metastases to the mediastinum
benign tumours with myocyte differentiation
histioid cardiomyopathy
benign tumours of pluripotent mesenchyme
benign tumours with myofibroblastic differentiation
cardiac lipoma
cystic tumour of atrioventricular node
cardiac sarcomas
cardiac lymphomas
metastatic tumours to the heart
pericardial tumours
malignant mesothelioma
metastatic pericardial tumours
tumours of the breast
invasive breast carcinoma
medullary carcinoma
mucin producing carcinomas
metaplastic carcinomas
lipid-rich carcinoma
glycogen-rich clear cell carcinoma
inflammatory carcinoma
bilateral breast carcinoma
lobular neoplasia
intraductal proliferative lesions
intraductal papillary neoplasms
myoepithelial lesions
surface epithelial-stromal tumours
transitional cell tumours
squamous cell lesions
mixed epithelial tumours
undifferentiated carcinomas
granulosa-stromal cell tumours
sertoli-stromal cell tumours
steroid cell tumours
primitive germ cell tumours
biphasic or triphasic teratomas
monodermal teratomas
mixed germ cell-sex cord-stromal tumours
secondary tumours of the ovary
endometrial carcinoma
endometrial hyperplasia
secondary tumours of the uterine corpus
squamous tumours
tumours of skin appendage origin
brca1 syndrome
brca2 syndrome
li-fraumeni syndrome
hereditary non-polyposis colon cancer (hnpcc)
ataxia telangiectasia syndrome
mixed type carcinoma
carcinoma with osteoclastic giant cells
carcinoma with choriocarcinomatous features
carcinoma with melanotic features
invasive cribriform carcinoma
signet ring cell carcinoma
solid neuroendocrine carcinoma
atypical carcinoid tumour
pure epithelial metaplastic carcinomas
adenocarcinoma with spindle cell metaplasia
flat epithelial atypia
peripheral papilloma
atypical papilloma
intraductal papillary carcinoma
adenosis including variants
apocrine adenosis
duct adenosis
adenomyoepithelial adenosis
apocrine adenoma
myoepitheliosis
adenomyoepithelial adenomatosis
malignant myoepithelioma
fibromatosis (aggressive)
benign
borderline
malignant
mammary hamartoma
syringomatous adenoma
paget disease of the nipple
extranodal marginal-zone b-cell lymphoma of malt type
carcinoma
invasive
in situ
mixed-type liposarcoma
fibromatosis coli
mammary-type myofibroblastoma
giant cell angiofibroma
superficial fibromatoses
desmoid-type fibromatoses
low grade myofibroblastic sarcoma
low grade fibromyxoid sarcoma
giant cell tumour of tendon sheath
diffuse-type giant cell tumour
deep benign fibrous histiocytoma
leiomyoma of deep soft tissue
glomus tumours
kaposiform haemangioendothelioma
other intermediate vascular neoplasms
angiosarcoma of soft tissue
deep 'aggressive' angiomyxoma
ectopic hamartomatous thymoma
malignant mesenchymoma
extraskeletal rhabdoid tumour
neoplasms with perivascular epithelioid cell differentiation (pecomas)
cartilage tumours
chondromas
conventional osteosarcoma
telangiectatic osteosarcoma
small cell osteosarcoma
low grade central osteosarcoma
high grade surface osteosarcoma
benign fibrous histiocytoma of bone
malignant fibrous histiocytoma of bone
haematopoietic tumours
plasma cell myeloma
giant cell tumours
giant cell tumour
malignancy in giant cell tumour
leiomyoma of bone
lipoma of bone
liposarcoma of bone
metastases involving bone
tumours of undefined neoplastic nature
chest wall hamartoma
familial adenomatous polyposis
beckwith-wiedemann syndrome
multiple osteochondromas
retinoblastoma syndrome
rothmund-thomson syndrome
werner syndrome
chronic myeloproliferative diseases
chronic myelogenous leukaemia
chronic idiopathic myelofibrosis
atypical chronic myeloid leukaemia
refractory anaemia
refractory anaemia with ringed sideroblasts
refractory cytopenia with multilineage dysplasia
refractory anaemia with excess blasts
myelodysplastic syndrome associated with isolated del(5q) chromosome abnormality
acute myeloid leukaemia with recurrent cytogenetic abnormalities
aml with 11q23 (mll) abnormalities
acute myeloid leukaemia with multilineage dysplasia
alkylating agent related
topoisomerase ii inhibitor-related
acute myeloid leukaemia not otherwise categorised
aml without maturation
aml with maturation
acute panmyelosis with myelofibrosis
acute leukaemias of ambiguous lineage
b-cell prolymphocytic leukaemia
monoclonal immunoglobulin deposition diseases
extranodal marginal zone b-cell lymphoma (malt lymphoma)
nodal marginal zone b-cell lymphoma
mediastinal (thymic) large b-cell lymphoma
t-cell large granular lymphocytic leukaemia
enteropathy-type t-cell lymphoma
primary cutaneous cd-30 positive t-cell lymphoproliferative disorders
primary cutaneous anaplastic large cell lymphoma (c-alcl)
lymphomatoid papulosis
angioimmunoblastic t-cell lymphoma
classical hodgkin lymphoma
nodular sclerosis hodgkin lymphoma
mixed cellularity hodgkin lymphoma
lymphocyte-rich classical hodgkin lymphoma
lymphocyte depleted hodgkin lymphoma
immunodeficiency associated lymphoproliferative disorders
lymphoproliferative diseases associated with primary immune disorders
human immunodeficiency virus-related lymphomas
post-transplant lymphoproliferative disorders
methotrexate-associated lymphoproliferative disorders
extracutaneous mastocytoma
tumors of neuroepithelial tissue
astrocytic tumors
diffuse astrocytoma
fibrillary astrocytoma
protoplasmic astrocytoma
gemistocytic astrocytoma
anaplastic astrocytoma
glioblastoma
giant cell glioblastoma
gliosarcoma
oligodendroglial tumors
oligodendroglioma
anaplastic oligodendroglioma
mixed gliomas
oligoastrocytoma
anaplastic oligoastrocytoma
ependymal tumors
cellular
papillary
clear cell
tanycytic
anaplastic ependymoma
choroid plexus tumors
glial tumors of uncertain origin
astroblastoma
gliomatosis cerebri
chordoid glioma of the 3rd ventricle
dysplastic gangliocytoma of cerebellum (lhermitte-duclos)
dysembryoplastic neuroepithelial tumor
anaplastic ganglioglioma
paraganglioma of the filum terminale
neuroblastic tumors
olfactory neuroblastoma (aesthesioneuroblastoma)
olfactory neuroepithelioma
pineal parenchymal tumors
pineal parenchymal tumor of intermediate differentiation
embryonal tumors
ependymoblastoma
desmoplastic medulloblastoma
large cell medulloblastoma
medullomyoblastoma
melanotic medulloblastoma
supratentorial primitive neuroectodermal tumor (pnet)
ganglioneuroblastoma
tumors of peripheral nerves
plexiform
melanotic
intraneural perineurioma
soft tissue perineurioma
malignant peripheral nerve sheath tumor (mpnst)
epithelioid
melanotic psammomatous
tumors of the meninges
tumors of meningothelial cells
meningothelial
fibrous (fibroblastic)
transitional (mixed)
psammomatous
angiomatous
microcystic
secretory
lymphoplasmacyte-rich
metaplastic
chordoid
atypical
rhabdoid
anaplastic meningioma
liposarcoma (intracranial)
solitary fibrous tumor
hemangioma
epithelioid hemangioendothelioma
primary melanocytic lesions
diffuse melanocytosis
meningeal melanomatosis
tumors of uncertain histogenesis
hemangioblastoma
malignant lymphomas
granulocytic sarcoma
germ cell tumors
germinoma
yolk sac tumor
mature
immature
teratoma with malignant transformation
mixed germ cell tumors
tumors of the sellar region
craniopharyngioma
adamantinomatous
granular cell tumor
other tumors
hemangiopericytoma
tumours of the oesophagogastric junction
tumours of the small intestine
peutz-jeghers syndrome
b-cell lymphoma
t-cell lymphoma
hereditary nonpolyposis colorectal cancer
juvenile polyposis
hyperplastic polyposis
tumours of the exocrine pancreas
serous cystic neoplasms
mucinous cystic neoplasms
intraductal papillary-mucinous neoplasm
acinar cell carcinoma
solid-pseudopapillary neoplasm
miscellaneous carcinomas
tumours of the digestive system
tumours of the esophagus
mesenchymal tumors
tumours of the esophagogastric junction
gastric carcinoma
hereditary diffuse gastric cancer
secondary tumors
tumours of the ampullary region
invasive adenocarcinoma
miscellaneous tumors
lynch syndrome
mutyh-associated polyposis
tumors of the anal canal
combined hepatocellular-cholangiocarcinoma
diagnostic algorithms
serous neoplasms
intraductal neoplasms
acinar cell neoplasms
mit family translocation renal cell carcinomas
clear cell papillary renal cell carcinoma
unclassified renal cell carcinoma
metanephric stromal tumor
rhabdoid tumor
ossifying renal tumor of infancy
juxtaglomerular cell tumor
renomedullary interstitial cell tumor
adult cystic nephroma
non-invasive papillary urothelial carcinoma
papillary urothelial neoplasms of low malignant potential
urothelial proliferation of uncertain malignant potential
squamous cell neoplasms
pure squamous cell carcinoma
neuroendocrine tumors
well-differentiated neuroendocrine tumor
melanocytic tumors
nevus
inflammatory myofibroblastic tumor
perivascular epithelioid cell tumor
other mesenchymal tumors
epithelial tumors of the upper urinary tract
epithelial tumors arising in a bladder diverticulum
urothelial tumors of the urethra
well-differentiated neuroendocrine tumors
neuroendocrine cells in usual prostate adenocarcinoma
adenocarcinoma with paneth cell-like neuroendocrine differentiation
miscellaneous seminal vesicle tumors
metastatic tumors
germ cell tumors derived from germ cell neoplasia in situ
tumors of a single histological type (pure forms)
non-seminomatous germ cell tumors
trophoblastic tumors
non-choriocarcinomatous trophoblastic tumors
non-seminomatous germ cell tumors of more than one histological type
germ cell tumors of unknown type
regressed germ cell tumors
germ cell tumors unrelated to germ cell neoplasia in situ
spermatocytic tumor
sex cord-stromal tumors
pure tumors
leydig cell tumor
large cell calcifying sertoli cell tumor
intratubular large cell hyalinizing sertoli cell neoplasia
granulosa cell tumor
adult granulosa cell tumor
juvenile granulosa cell tumor
tumors in the fibroma-thecoma group
ovarian epithelial-type tumors
haematolymphoid tumors
adenomatoid tumor
epididymal tumors
melanotic neuroectodermal tumor
adipocytic tumors
smooth muscle tumors
skeletal muscle tumors
nerve sheath tumors
non-hpv-related squamous cell carcinomas
pseudohyperplastic carcinoma
sarcomatoid squamous cell carcinoma
mixed squamous cell carcinoma
hpv-related squamous cell carcinomas
papillary-basaloid carcinoma
warty carcinoma
warty-basaloid carcinoma
other rare carcinomas
penile intraepithelial neoplasia
penile lymphomas
tumours of soft tissue
desmoid-type fibromatosis
soft-tissue chondroma
schwannoma (including variants)
melanotic schwannoma
neurofibroma (including variants)
nasal glial heterotopia
benign triton tumour
malignant granular cell tumour
deep ('aggressive') angiomyxoma
haemosiderotic fibrolamellar tumour
giant cell lesion of the small bones
pigmented basal cell carcinoma
other (uncommon) variants
spitz tumour
malignant spitz tumour (spitz melanoma)
melanoma arising in congenital naevus
nevoid melanoma
metastatic melanoma
adnexal adenocarcinoma not otherwise specified
squamoid eccrine ductal carcinoma
variants of mycosis fungoides
folliculotropic mycosis fungoides
primary cutaneous cd30+ t-cell lymphoproliferative disorders
primary cutaneous anaplastic large cell lymphoma
cutaneous manifestations of chronic active ebv infection
primary cutaneous gamma-delta t-cell lymphoma
primary cutaneous cd8+ aggressive epidermotropic cytotoxic t-cell lymphoma
primary cutaneous acral cd8+ t-cell lymphoma
systemic anaplastic large cell lymphoma
primary cutaneous marginal zone lymphoma (malt lymphoma)
cutaneous involvement in myeloid leukaemia
fibroma
collagenous fibroma
cutaneous myxoma
haemangioendothelioma
atypical vascular lesion
congenital non-progressive haemangiomas
rapidly involuting congenital haemangioma
non-involuting congenital haemangioma
primitive non-neural granular cell tumour
inherited tumour syndromes associated with skin malignancies
familial melanoma
naevoid basal cell carcinoma syndrome (gorlin syndrome)
bap1 tumour predisposition syndrome
muir-torre syndrome
lepidic adenocarcinoma
micropapillary adenocarcinoma
invasive mucinous adenocarcinoma
colloid adenocarcinoma
enteric adenocarcinoma
minimally invasive adenocarcinoma
keratinizing
non-keratinizing
squamous cell carcinoma in situ
pulmonary myxoid sarcoma with ewsr1-creb1 translocation
diffuse malignant mesothelioma
well-differentiated papillary mesothelioma
germ cell tumours with somatic-type solid malignancy
extramedullary myeloid leukaemia
ectopic tumours of the thymus
other rare ectopic tumours
metastasis to the thymus or mediastinum
histiocytoid cardiomyopathy
miscellaneous sarcomas
tumours of the pericardium
sarcomas
splenic b-cell marginal zone lymphoma
hairy cell leukaemia-variant
monoclonal gammopathy of undetermined significance (mgus)
extraosseous plasmacytoma
primary dlbcl of the cns
ebv positive dlbcl of the elderly
primary mediastinal (thymic) large b-cell lymphoma
alk positive large b-cell lymphoma
large b-cell lymphoma arising in hhv8-associated multicentric castleman disease
chronic lymphoproliferative disorder of nk cells
systemic ebv+ t-cell lymphoma of childhood
hydroa vacciniforme-like lymphoproliferative disorder
nodular sclerosis classical hodgkin lymphoma
mixed cellularity classical hodgkin lymphoma
lymphocyte-depleted classical hodgkin lymphoma
lymphomas associated with hiv infection
post-transplant lymphoproliferative disorders (ptld)
polymorphic ptld
classical hodgkin lymphoma type ptld
other iatrogenic immunodeficiency-associated lymphoproliferative disorders
tumors derived from langerhans cells
interdigitating dendritic cell tumor
fibroblastic reticular cell tumor
disseminated juvenile xanthogranuloma
mast cell leukaemia
myelodysplastic syndrome with single lineage dysplasia
myelodysplastic syndrome with ring sideroblasts
myelodysplastic syndrome with multilineage dysplasia
myelodysplastic syndrome with excess blasts
myelodysplastic syndrome with isolated del(5q)
childhood myelodysplastic syndrome
refractory cytopenia of childhood
aml with recurrent genetic abnormalities
aml with t(8;21)(q22;q22); runx1-runx1t1
aml with inv(16)(p13.1q22) or t(16;16)(p13.1;q22); cbfβ-myh11
acute promyelocytic leukaemia with pml-rara
aml with t(9;11)(p21.3;q23.3); kmt2a-mllt3
aml with t(6;9)(p23;q34.1); dek-nup214
aml (megakaryoblastic) with t(1;22)(p13;q13); rbm15-mkl1
aml with bcr-abl1
aml with mutated npm1
aml with mutated cebpa
aml with biallelic mutations of cebpa
aml with myelodysplasia-related changes
therapy-related myeloid neoplasms
aml with minimal differentiation
myeloid proliferations related to down syndrome
transient abnormal myelopoiesis
myeloid leukaemia associated with down syndrome
mixed phenotype acute leukaemia with t(9;22)(q34.1;q11.2); bcr-abl1
mixed phenotype acute leukaemia with t(v;11q23); kmt2a-rearranged
plasma cell myeloma variants
smouldering (asymptomatic) plasma cell myeloma
non-secretory myeloma
plasma cell leukaemia
primary amyloidosis
poems syndrome
tempi syndrome
paediatric follicular lymphoma
testicular follicular lymphoma
in situ follicular neoplasia
dlbcl associated with chronic inflammation
fibrin-associated diffuse large b-cell lymphoma
hhv8-associated lymphoproliferative disorders
multicentric castleman disease
hhv8-positive germinotropic lymphoproliferative disorder
burkitt lymphoma with 11q aberration
high-grade b-cell lymphoma
primary cutaneous gamma delta t-cell lymphoma
primary cutaneous acral cd8-positive t-cell lymphoma
follicular t-cell lymphoma
nodal peripheral t-cell lymphoma with tfh phenotype
hodgkin lymphomas
spindle cell (sarcomatoid) squamous cell carcinoma
intestinal-type adenocarcinoma
non-intestinal-type adenocarcinoma
malignant soft tissue tumors
malignant peripheral nerve sheath tumor
benign soft tissue tumors
chondromesenchymal hamartoma
tumors of the nasopharynx
nasopharyngeal papillary adenocarcinoma
ectopic pituitary adenoma
soft tissue tumors
notochordal tumors
malignant surface epithelial tumors
dysplasia
squamous cell papilloma & squamous cell papillomatosis
well-differentiated neuroendocrine carcinoma
moderately differentiated neuroendocrine carcinoma
poorly differentiated neuroendocrine carcinoma
oncocytic papillary cystadenoma
cartilage tumors
oral potentially malignant disorders & oral epithelial dysplasia
ectomesenchymal chondromyxoid tumor
myofibroblastic sarcoma
oral mucosal melanoma
salivary type tumors
cd30-positive t-cell lymphoproliferative disorder
tumors of unknown origin
carcinoma of unknown primary
malignant tumors
epithelial–myoepithelial carcinoma
benign tumors
warthin tumor
sclerosing polycystic adenosis
intercalated duct hyperplasia
benign soft tissue lesions
odontogenic carcinomas
benign epithelial odontogenic tumors
ameloblastoma
squamous odontogenic tumor
calcifying epithelial odontogenic tumor
adenomatoid odontogenic tumor
benign mixed epithelial & mesenchymal odontogenic tumors
primordial odontogenic tumor
dentinogenic ghost cell tumor
benign mesenchymal odontogenic tumors
odontogenic cysts of inflammatory origin
melanotic neuroectodermal tumor of infancy
desmoplastic fibroma
tumors of the ear
tumors of the external auditory canal
ceruminous adenom
aggressive papillary tumor
endolymphatic sac tumor
middle ear adenoma
paraganglion tumors
middle ear paraganglioma
tumors of the ovary
epithelial tumors
serous tumors
mucinous tumors
endometrioid tumors
clear cell tumors
brenner tumors
seromucinous tumors
pure stromal tumors
pure sex cord tumors
mixed sex cord-stromal tumors
germ cell - sex cord-stromal tumors
mesothelial tumors
tumor-like lesions
tumors of the peritoneum
epithelial tumors of müllerian type
soft muscle tumors
tumors of uncertain origin
miscellaneous primary tumors
tumors of the fallopian tube
mixed epithelial-mesenchymal tumors
tumors of the uterine corpus
abnormal (nonmolar) villous lesions
tumors of the uterine cervix
other epithelial tumors
tumors of the vagina
tumors of the vulva
neuroectodermal tumors
conjunctival spindle cell carcinoma
hereditary benign intraepithelial dyskeratosis of the conjunctiva
conjunctival squamous papilloma
cysts
reactive epithelial hyperplasia
conjunctival melanocytic intraepithelial neoplasia
spitz naevus of the conjunctiva
benign epithelial melanoses of the conjunctiva
conjunctival stromal tumor
tumors of the iris
melanocytic naevus
histiocytic tumors
tumors of the ciliary body
ciliary body adenoma
adenomatous hyperplasia
glioneuroma
tumors of the choroid
bilateral diffuse uveal melanocytic hyperplasia
secondary lymphomatous infiltration
leukaemic infiltration
tumors of the neurosensory retina
vitreoretinal lymphoma
tumors of the retinal pigment epithelium
reactive hyperplasia
congenital hypertrophy
primary tumors
myoepithelial tumors
oncocytic tumors
rare neoplasms
low-grade intraductal carcinoma
hybrid neoplasms
tumors of the lacrimal drainage system
exophytic papilloma
pituitary adenoma
somatotroph adenoma
lactotroph adenoma
thyrotroph adenoma
corticotroph adenoma
gonadotroph adenoma
neurocytoma
tumors of the posterior pituitary
hyalinizing trabecular tumor
other encapsulated follicular-patterned thyroid tumors
tumors of uncertain malignant potential
hürthle (oncocytic) cell tumors
poorly differentiated thyroid carcinoma
tumors of the adrenal cortex
sex cord–stromal tumors
myelolipoma
extra-adrenal paragangliomas
sympathetic paragangliomas
composite phaeochromocytoma
composite paraganglioma
neoplasms of the neuroendocrine pancreas
non-functioning (non-syndromic) neuroendocrine tumors
acth-producing tumor with cushing syndrome
pancreatic neuroendocrine carcinoma (poorly differentiated neuroendocrine neoplasm)
mixed neuroendocrine–non-neuroendocrine neoplasms
mixed ductal–neuroendocrine carcinomas
mixed acinar–neuroendocrine carcinomas
inherited tumor syndromes
multiple endocrine neoplasia type 4
von hippel–lindau syndrome
schwannomatosis
mccune–albright syndrome
non-syndromic familial thyroid cancer
dicer1 syndrome
pilomyxoid astrocytoma
other neuroepithelial tumors
choroid glioma of the third ventricle
papillary glioneuronal tumor
rosette-forming glioneuronal tumor of the fourth ventricle
paraganglioma (spinal)
tumors of the pineal region
papillary tumor of the pineal region
cns primitive neuroectodermal tumors (pnets)
meningeal tumors
tumors of the haematopoietic system
familial tumor syndromes
turcot syndrome
naevoid basal cell carcinoma syndrome
rhabdoid tumor predisposition syndrome
granular cell tumor of the neurohypophysis
pituitaryoma
spindle cell oncocytoma of the adenohypophysis
metastatic tumors of the cns
epithelioid glioblastoma
other astrocytic tumors
anaplastic pleomorphic xanthoastrocytoma
papillary ependymoma
clear cell ependymoma
tanycytic ependymoma
other gliomas
diffuse leptomeningeal glioneuronal tumor
medulloblastoma with extensive nodularity
cns neuroblastoma
cns ganglioneuroblastoma
cns embryonal tumor with rhabdoid features
cellular schwannoma
plexiform schwannoma
atypical neurofibroma
plexiform neurofibroma
hybrid nerve sheath tumors
mpnst with divergent differentiation
epithelioid mpnst
mpnst with perineurial differentiation
meningioma variants
meningothelial meningioma
fibrous meningioma
transitional meningioma
psammomatous meningioma
angiomatous meningioma
microcystic meningioma
secretory meningioma
lymphoplasmacyte-rich meningioma
metaplastic meningioma
choroid meningioma
clear cell meningioma
atypical meningioma
papillary meningioma
rhabdoid meningioma
anaplastic (malignant) meningioma
benign fibrous histiocytoma
meningeal melanocytosis
meningeal melanocytoma
meningeal melanoma
diffuse large b-cell lymphoma of the cns
corticoid-mitigated lymphoma
sentinel lesions
aids-related diffuse large b-cell lymphoma
mature teratoma
immature teratoma
mixed germ cell tumor
von hippel-lindau disease
tuberous sclerosis
granular cell tumor of the sellar region
spindle cell oncocytoma
invasive carcinoma of no special type
carcinoma with medullary features
polymorphous carcinoma
carcinoma with neuroendocrine features
columnar cell lesions
intraductal papillary lesions
solid papillary carcinoma
benign epithelial proliferations
benign vascular lesions
extranodal marginal zone lymphomas of mucosa-associated lymphoid tissue
metastases of extramammary malignancies to the breast
carcinoma of the male breast
genetic susceptibility: inherited syndromes
"yolk sac tumor, postpubertal-type"
"yolk sac tumor, prepubertal-type"
"sertoli cell tumor, nos"
"squamous cell carcinoma, usual type"
"papillary carcinoma, nos"
"tenosynovial giant cell tumour, localized type"
"tenosynovial giant cell tumour, diffuse type"
"chondromas: enchondroma, periosteal chondroma"
"mucosal melanomas (genital, oral, sinonasal)"
"primary cutaneous peripheral t-cell lymphomas, rare subtypes"
"type a thymoma, including atypical variant"
"teratoma, mature"
"teratoma, immature"
"diffuse large b-cell lymphoma (dlbcl), nos"
"primary cutaneous dlbcl, leg type"
"anaplastic large cell lymphoma, alk positive"
"anaplastic large cell lymphoma, alk negative"
"chronic myeloid leukaemia, bcr-abl1 positive"
"chronic eosinophilic leukaemia, nos"
"myeloproliferative neoplasm, unclassifiable"
"atypical chronic myeloid leukaemia, bcr-abl1 negative"
"aml with inv(3)(q21.3q26.2) or t(3;3)(q21.3;q26.2); gata2, mecom"
"aml, not otherwise specified"
"mixed phenotype acute leukaemia, nos – rare types"
"ebv-positive diffuse large b-cell lymphoma, nos"
"hhv8-positive diffuse large b-cell lymphoma, nos"
"anaplastic large cell lymphoma, alk-positive"
"anaplastic large cell lymphoma, alk-negative"
"tumors of the oropharynx (base of tongue, tonsils, adenoids)"
"squamous cell carcinoma, hpv-positive"
"squamous cell carcinoma, hpv-negative"
"primary intraosseous carcinoma, nos"
"ameloblastoma, unicystic type"
"diffuse astrocytoma, idh-mutant"
"gemistocytic astrocytoma, idh-mutant"
"diffuse astrocytoma, idh-wildtype"
"diffuse astrocytoma, nos"
"anaplastic astrocytoma, idh-mutant"
"anaplastic astrocytoma, idh-wildtype"
"anaplastic astrocytoma, nos"
"glioblastoma, nos"
"diffuse midline glioma, h3 k27m-mutant"
"oligodendroglioma, nos"
"anaplastic oligodendroglioma, nos"
"oligoastrocytoma, nos"
"anaplastic oligoastrocytoma, nos"
"ependymoma, rela fusion-positive"
"medulloblastoma, genetically defined"
"medulloblastoma, classic"
"embryonal tumor with multilayered rosettes, c19mc-altered"
"embryonal tumor with multilayered rosettes, nos"
"cns embryonal tumor, nos"
"ebv+ diffuse large b-cell lymphoma, nos"
fibroblastic/myofibroblastic tumors
spindle cell/sclerosing rhabdomyosarcoma
ectopic meningioma/meningothelial hamartoma
myoepithelioma/myoepithelial carcinoma/mixed tumour
conjunctival melanocytic intraepithelial neoplasia/primary acquired melanosis
hydrocytoma/cystadenoma
cutaneous adult t-cell leukaemia/lymphoma
primary cutaneous cd4+ small/medium t-cell lymphoproliferative disorder
indeterminate cell histiocytosis/indeterminate dendritic cell tumour
myoepithelial tumours / myoepithelial carcinoma
t lymphoblastic leukaemia / lymphoma
t cell/histiocyte-rich large b-cell lymphoma
primary cutaneous cd4 positive small/medium t-cell lymphoproliferative disorder
inflammatory pseudotumor-like follicular/fibroblastic dendritic cell sarcoma
myeloid/lymphoid neoplasms with pdgfra rearrangement
myeloid/lymphoid neoplasms with pdgfrb rearrangement
myeloid/lymphoid neoplasms with fgfr1 rearrangement
myeloid/lymphoid neoplasms with pcm1-jak2
b lymphoblastic leukaemia/lymphoma with recurrent genetic abnormalities
b lymphoblastic leukaemia/lymphoma with t(9;22)(q34.1;q11.2); bcr-abl1
b lymphoblastic leukaemia/lymphoma with t(v;11q23); kmt2a-rearranged
b lymphoblastic leukaemia/lymphoma with t(12;21)(p13;q22); etv6-runx1
b lymphoblastic leukaemia/lymphoma with hyperdiploidy
b lymphoblastic leukaemia/lymphoma with hypodiploidy
b lymphoblastic leukaemia/lymphoma with t(5;14)(q31.1;q32.1); igh-il3
b lymphoblastic leukaemia/lymphoma with t(1;19)(q23;p13.3); tcf3-pbx1
b lymphoblastic leukaemia/lymphoma with iamp21
t lymphoblastic leukaemia/lymphoma
early t-cell precursor lymphoblastic leukaemia/lymphoma
nk-lymphoblastic leukaemia/lymphoma
prefibrotic/early primary myelofibrosis
borderline / low-grade malignant soft tissue tumors
neuroectodermal / melanocytic tumors
ewing sarcoma / primitive neuroectodermal tumors
lipoma/sialolipoma
odontogenic myxoma/myxofibroma
papillary/follicular conjunctivitis
solitary fibrous tumor/haemangiopericytoma
haemangiopericytoma / solitary fibrous tumor
desmoplastic/nodular medulloblastoma
large cell / anaplastic medulloblastoma
solitary fibrous tumor / haemangiopericytoma
undifferentiated pleomorphic sarcoma / malignant fibrous histiocytoma
"combined naevus, including combined bap1-inactivated naevus/melanocytoma"
"splenic b-cell lymphoma/leukaemia, unclassifiable"
"myelodysplastic/myeloproliferative neoplasm, unclassifiable"
"mixed phenotype acute leukaemia, b/myeloid, nos"
"mixed phenotype acute leukaemia, t/myeloid, nos"
"b lymphoblastic leukaemia/lymphoma, not otherwise specified"
"b lymphoblastic leukaemia/lymphoma, bcr-abl1-like"
"ameloblastoma, extraosseous/peripheral type"
secondary tumors and melanoma
adenomas and other premalignant neoplastic lesions
serrated polyps and serrated polyposis
focal nodular hyperplasia and hepatocellular adenoma
ductal adenocarcinoma variants and mixed neoplasms
tumours of the kidney and urinary tract
hereditary leiomyomatosis and renal cell carcinoma-associated renal cell carcinoma
mixed epithelial and stromal tumor
stromal tumor of uncertain malignant potential and stromal sarcoma
mixed epithelial and stromal tumors
mixed and unclassified sex cord-stromal tumors
tumor containing both germ cell and sex cord-stromal elements
miscellaneous tumors of the testis and paratesticular tissue
tumors of collecting duct and rete testis
mesenchymal tumors of the spermatic cord and testicular adnexa
other mesenchymal tumors of the spermatic cord and testicular adnexa
pseudoglandular carcinoma
non-ossifying fibroma and benign fibrous histiocytoma of bone
deep penetrating naevus and melanocytoma
blue naevus and cellular blue naevus
adenocarcinoma of anogenital mammary-like glands
secondary cutaneous involvement in t-cell lymphomas and leukaemias
introduction to histiocytic and dendritic cell neoplasms
dermatofibrosarcoma protuberans and variants
dermatofibroma (fibrous histiocytoma) and variants
cutaneous leiomyomas and variants
glomus tumour and variants
myopericytoma and variants
neurofibroma and variants
atypical fibroxanthoma and variants
mixed invasive mucinous and non-mucinous adenocarcinoma
mixed squamous cell and glandular papilloma
mature and immature teratoma
anaplastic large cell lymphoma and other rare mature t- and nk-cell lymphomas
mature t- and nk-cell neoplasms
ebv-positive t-cell and nk-cell lymphoproliferative diseases of childhood
plasmacytic hyperplasia and infectious mononucleosis-like ptld
acute myeloid leukaemia (aml) and related precursor neoplasms
light chain and heavy chain deposition diseases
angioimmunoblastic t-cell lymphoma and other nodal lymphomas of t follicular helper (tfh) cell origin
salivary gland tumors
salivary gland anlage tumor
benign and borderline lesions
chondroma and chondrosarcoma
tumors of the oral cavity and mobile tongue
soft tissue and neural tumors
schwannoma and neurofibroma
tumors and tumor-like lesions of the neck and lymph nodes
tumors of the salivary glands
canalicular adenoma and other ductal adenomas
odontogenic and maxillofacial bone tumors
odontogenic and non-odontogenic developmental cysts
malignant maxillofacial bone and cartilage tumors
benign maxillofacial bone and cartilage tumors
fibro-osseous and osteochondromatous lesions
giant cell lesions and simple bone cyst
tumors of the middle and inner ear
mixed epithelial and mesenchymal tumors
monodermal teratoma and somatic-type tumors arising from a dermoid cyst
lymphoid and myeloid tumors
epithelial tumors and cysts
tumors of the broad ligament and other uterine ligaments
mesenchymal and mixed tumors
epithelial tumors and precursors
squamous cell tumors and precursors
glandular tumors and precursors
benign glandular tumors and tumor-like lesions
mesenchymal tumors and tumor-like lesions
glandular tumors
tumors of the conjunctiva and caruncle
pseudoglandular and pseudoepitheliomatous hyperplasia
hamartomas and choristomas
ectopic lacrimal gland
neurofibroma and ganglioneuroma
tumors of the retina and retinal pigment epithelium
astrocytic hamartoma and astrocytoma
simple and combined hamartomas
tumors of the optic disc and optic nerve
astrocytoma and glioblastoma
tumors of the lacrimal gland
tumors of the pituitary gland
plurihormonal and double adenomas
neuronal and paraneuronal tumors
gangliocytoma and mixed gangliocytoma-adenoma
mesenchymal and stromal tumors
tumors of the thyroid gland
mixed medullary and follicular thyroid carcinoma
tumors of the parathyroid glands
tumors of the adrenal medulla and extra-adrenal paraganglia
head and neck paragangliomas
neuroblastic tumors of the adrenal gland
serotonin-producing tumors with and without carcinoid syndrome
cowden syndrome and pten-related lesions
familial adenomatous polyposis and apc-related lesions
werner syndrome and carney complex
glucagon cell hyperplasia and neoplasia
desmoplastic infantile astrocytoma and ganglioglioma
ganglioglioma and gangliocytoma
central neurocytoma and extraventricular neurocytoma
tumors of the cranial and paraspinal nerves
von hippel-lindau disease and haemangioblastoma
tuberous sclerosis complex and subependymal giant cell astrocytoma
li-fraumeni syndrome and tp53 germline mutations
diffuse astrocytic and oligodendroglial tumors
tubular carcinoma and cribriform carcinoma
mucinous carcinoma and carcinoma with signet-ring-cell differentiation
bilateral breast carcinoma and non-synchronous breast carcinoma
radial scar and complex sclerosing lesion
myopathies and epithelial-myoepithelial lesions
myoepithelioma and epithelial-myoepithelial lesions
adenomyoepithelioma and adenomyoepithelioma with carcinoma
granular cell tumour and benign peripheral nerve-sheath tumour
leiomyoma and leiomyosarcoma
lymphoid and haematopoietic tumours
brca1 and brca2 syndromes
"carcinoma of skene, cowper, and littre glands"
"mixed teratoma and yolk sac tumor, prepubertal-type"
"junctional, compound, and dermal naevus"
"pleomorphic, spindle cell, and giant cell carcinoma"
"sarcomatoid, desmoplastic, and biphasic mesothelioma"
"b-cell lymphoma, unclassifiable, with features intermediate between dlbcl and burkitt lymphoma"
"b-cell lymphoma, unclassifiable, with features intermediate between dlbcl and classical hodgkin lymphoma"
"chronic active ebv infection of t- and nk-cell type, systemic form"
"myeloid and lymphoid neoplasms with eosinophilia and abnormalities of pdgfra, pdgfrb, or fgfr1"
"tumors of the nasal cavity, paranasal sinuses, and skull base"
"tumors of the hypopharynx, larynx, trachea, and parapharyngeal space"
"germ cell, lymphoid, and myeloid tumors"
"germ cell, lymphoid, myeloid, and secondary tumors"
"tumors of the iris, ciliary body, and choroid"
"secondary, mesenchymal, and other tumors"
"familial paraganglioma–phaeochromocytoma syndromes caused by sdhb, sdhc, and sdhd mutations"
"adenosis, sclerosing adenosis and apocrine adenosis"
"microglandular adenosis, atypical microglandular adenosis and microglandular adenosis with carcinoma"
t-lymphoblastic and b-lymphoblastic leukaemia/lymphoma
monomorphic ptld (b- and t/nk-cell types)
high-grade b-cell lymphoma with myc and bcl2 and/or bcl6 rearrangements
myeloid/lymphoid neoplasms with eosinophilia and gene rearrangement
cowden disease and dysplastic gangliocytoma of the cerebellum / lhermitte-duclos disease
salivary gland/skin adnexal type tumours
"anaplastic oligodendroglioma, idh-mutant and 1p/19q-codeleted"
mucosal melanomas (sinonasal)
mucosal melanomas (genital)
mucosal melanomas (oral)
malignant neoplasms arising from spiradenocylindroma
malignant neoplasms arising from spiradenoma
malignant neoplasms arising from cylindroma
tumors of the oropharynx (base of tongue)
tumors of the oropharynx (tonsils)
tumors of the oropharynx (adenoids)
fibroblastic tumors
myofibroblastic tumors
spindle cell rhabdomyosarcoma
sclerosing rhabdomyosarcoma
ectopic meningioma
meningothelial hamartoma
epidermal tumours
sclerosing basal cell carcinoma
morphoeic basal cell carcinoma
primary acquired melanosis
signet-ring cell carcinoma
histiocytoid carcinoma
hydrocytoma
primary cutaneous cd4+ small t-cell lymphoproliferative disorder
primary cutaneous cd4+ medium t-cell lymphoproliferative disorder
myoepithelial tumours
t lymphoblastic leukaemia
t lymphoblastic lymphoma
primary cutaneous cd4 positive small t-cell lymphoproliferative disorder
primary cutaneous cd4 positive medium t-cell lymphoproliferative disorder
inflammatory pseudotumor-like follicular dendritic cell sarcoma
inflammatory pseudotumor-like fibroblastic dendritic cell sarcoma
myeloid neoplasms with pdgfra rearrangement
lymphoid neoplasms with pdgfra rearrangement
myeloid neoplasms with pdgfrb rearrangement
lymphoid neoplasms with pdgfrb rearrangement
myeloid neoplasms with fgfr1 rearrangement
lymphoid neoplasms with fgfr1 rearrangement
myeloid neoplasms with pcm1-jak2
lymphoid neoplasms with pcm1-jak2
b lymphoblastic leukaemia with recurrent genetic abnormalities
b lymphoblastic lymphoma with recurrent genetic abnormalities
b lymphoblastic leukaemia with t(9;22)(q34.1;q11.2); bcr-abl1
b lymphoblastic lymphoma with t(9;22)(q34.1;q11.2); bcr-abl1
b lymphoblastic leukaemia with t(v;11q23); kmt2a-rearranged
b lymphoblastic lymphoma with t(v;11q23); kmt2a-rearranged
b lymphoblastic leukaemia with t(12;21)(p13;q22); etv6-runx1
b lymphoblastic lymphoma with t(12;21)(p13;q22); etv6-runx1
b lymphoblastic leukaemia with hyperdiploidy
b lymphoblastic lymphoma with hyperdiploidy
b lymphoblastic leukaemia with hypodiploidy
b lymphoblastic lymphoma with hypodiploidy
b lymphoblastic leukaemia with t(5;14)(q31.1;q32.1); igh-il3
b lymphoblastic lymphoma with t(5;14)(q31.1;q32.1); igh-il3
b lymphoblastic leukaemia with t(1;19)(q23;p13.3); tcf3-pbx1
b lymphoblastic lymphoma with t(1;19)(q23;p13.3); tcf3-pbx1
b lymphoblastic leukaemia with iamp21
b lymphoblastic lymphoma with iamp21
early t-cell precursor lymphoblastic leukaemia
early t-cell precursor lymphoblastic lymphoma
nk-lymphoblastic leukaemia
nk-lymphoblastic lymphoma
prefibrotic primary myelofibrosis
early primary myelofibrosis
borderline malignant soft tissue tumors
low-grade malignant soft tissue tumors
extranodal nk-cell lymphoma
extranodal t-cell lymphoma
primitive neuroectodermal tumors
t-lymphoblastic leukaemia
t-lymphoblastic lymphoma
odontogenic myxofibroma
papillary conjunctivitis
follicular conjunctivitis
nodular medulloblastoma
anaplastic medulloblastoma
"combined naevus, including combined bap1-inactivated naevus"
"combined naevus, including combined bap1-inactivated melanocytoma"
"extranodal nk-cell lymphoma, nasal type"
"extranodal t-cell lymphoma, nasal type"
"splenic b-cell lymphoma, unclassifiable"
"splenic b-cell leukaemia, unclassifiable"
"myelodysplastic neoplasm, unclassifiable"
"b lymphoblastic leukaemia, not otherwise specified"
"b lymphoblastic lymphoma, not otherwise specified"
"b lymphoblastic leukaemia, bcr-abl1-like"
"b lymphoblastic lymphoma, bcr-abl1-like"
"ameloblastoma, extraosseous type"
"ameloblastoma, peripheral type"
other premalignant neoplastic lesions
serrated polyps
serrated polyposis
focal nodular hyperplasia
ductal adenocarcinoma variants
mixed neoplasms
hereditary leiomyomatosis
renal cell carcinoma-associated renal cell carcinoma
tumors of collecting duct
tumors of rete testis
mesenchymal tumors of the spermatic cord
mesenchymal tumors of the testicular adnexa
other mesenchymal tumors of the spermatic cord
other mesenchymal tumors of the testicular adnexa
fibro-osseous pseudotumour of digits
non-ossifying fibroma of bone
simple lentigo
lentiginous melanocytic naevus
fibroadenoma of anogenital mammary-like glands
phyllodes tumour of anogenital mammary-like glands
tumours of haematopoietic origin
tumours of lymphoid origin
secondary cutaneous involvement in t-cell lymphomas
secondary cutaneous involvement in t-cell leukaemias
cutaneous involvement in primarily extracutaneous b-cell lymphomas
cutaneous involvement in primarily extracutaneous b-cell leukaemias
other rare mature t- and nk-cell lymphomas
other rare mature t-cell lymphomas
other rare mature nk-cell lymphomas
ebv-positive t-cell lymphoproliferative diseases of childhood
ebv-positive nk-cell lymphoproliferative diseases of childhood
plasmacytic hyperplasia
infectious mononucleosis-like ptld
light chain deposition diseases
heavy chain deposition diseases
other nodal lymphomas of t follicular helper (tfh) cell origin
benign lesions
borderline lesions
tumors of the oral cavity
tumors of the mobile tongue
neural tumors
tumors of the neck and lymph nodes
tumor-like lesions of the neck and lymph nodes
cyst-like lesions
dermoid cysts
teratoid cysts
other ductal adenomas
odontogenic bone tumors
maxillofacial bone tumors
odontogenic developmental cysts
non-odontogenic developmental cysts
lateral periodontal cyst
botryoid odontogenic cyst
malignant maxillofacial bone tumors
malignant cartilage tumors
benign maxillofacial bone tumors
benign cartilage tumors
fibro-osseous lesions
osteochondromatous lesions
giant cell lesions
tumors of the middle ear
tumors of the inner ear
monodermal teratoma arising from a dermoid cyst
somatic-type tumors arising from a dermoid cyst
lymphoid tumors
myeloid tumors
epithelial cysts
tumors of the broad ligament
tumors of other uterine ligaments
mixed tumors
benign glandular tumors
benign glandular tumor-like lesions
mesenchymal tumor-like lesions
tumors of the conjunctiva
tumors of the caruncle
pseudoglandular hyperplasia
pseudoepitheliomatous hyperplasia
choristomas
choroidal melanomas
ciliary body melanomas
choroidal naevi
ciliary body naevi
tumors of the retina
astrocytic hamartoma
astrocytoma
nodular retinal gliosis
massive retinal gliosis
simple hamartomas
combined hamartomas
tumors of the optic disc
tumors of the optic nerve
plurihormonal
double adenomas
paraneuronal tumors
mixed gangliocytoma-adenoma
stromal tumors
mixed medullary thyroid carcinoma
mixed follicular thyroid carcinoma
tumors of the adrenal medulla
tumors of the extra-adrenal paraganglia
head paragangliomas
neck paragangliomas
serotonin-producing tumors with carcinoid syndrome
serotonin-producing tumors without carcinoid syndrome
pten-related lesions
apc-related lesions
entraextraventricular neurocytoma
tumors of the cranial nerves
tumors of the paraspinal nerves
diffuse astrocytic tumors
carcinoma with signet-ring-cell differentiation
non-synchronous breast carcinoma
myoepithelioma lesions
epithelial-myoepithelial lesions
adenomyoepithelioma with carcinoma
benign peripheral nerve-sheath tumour
carcinoma of skene
carcinoma of cowper
carcinoma of littre glands
"mixed teratoma, prepubertal-type"
junctional naevus
dermal naevus
compound naevus
pleomorphic spindle cell carcinoma
"myeloid neoplasms with eosinophilia and abnormalities of pdgfra, pdgfrb, or fgfr1"
"lymphoid neoplasms with eosinophilia and abnormalities of pdgfra, pdgfrb, or fgfr1"
tumors of the skull base
tumors of the nasal cavity
tumors of the paranasal sinuses
tumors of the trachea
tumors of the parapharyngeal space
tumors of the hypopharynx
tumors of the larynx
lymphoid  tumors
germ cell  tumors
adenosis
microglandular adenosis with carcinoma
atypical microglandular adenosis
b-lymphoblastic leukaemia
b-lymphoblastic lymphoma
monomorphic ptld (b-cell types)
monomorphic ptld (t/nk-cell types)
monomorphic ptld (t-cell types)
monomorphic ptld (nk-cell types)
myeloid neoplasms with eosinophilia and gene rearrangement
lymphoid neoplasms with eosinophilia and gene rearrangement
cowden disease and dysplastic gangliocytoma of the cerebellum
lhermitte-duclos disease
skin adnexal type tumours
oropharyngeal tumours (base of tongue)
oropharyngeal tumours (tonsils)
oropharyngeal tumours (adenoids)
acidophil stem cell pitnet
acidophil stem cell adenoma
adult t cell leukaemia
adult t cell lymphoma
well-differentiated liposarcoma
atypical spindle cell lipomatous tumour
atypical pleomorphic lipomatous tumour
b lymphoblastic leukaemia with etv6::runx1 fusion
b lymphoblastic lymphoma with etv6::runx1 fusion
b lymphoblastic leukaemia with igh::il3 fusion
b lymphoblastic lymphoma with igh::il3 fusion
b lymphoblastic leukaemia with kmt2a rearrangement
b lymphoblastic lymphoma with kmt2a rearrangement
b lymphoblastic leukaemia with tcf3::hlf fusion
b lymphoblastic lymphoma with tcf3::hlf fusion
b lymphoblastic leukaemia with tcf3::pbx1 fusion
b lymphoblastic lymphoma with tcf3::pbx1 fusion
b-lymphoblastic leukaemia with bcr::abl1-like features
b-lymphoblastic lymphoma with bcr::abl1-like features
b-lymphoblastic leukaemia with cancer is bcr::abl1 fusion
b-lymphoblastic lymphoma with cancer is bcr::abl1 fusion
b-lymphoblastic leukaemia with etv6::runx1-like features
b-lymphoblastic lymphoma with etv6::runx1-like features
b-lymphoblastic leukaemia with high hyperdiploidy
b-lymphoblastic lymphoma with high hyperdiploidy
b-lymphoblastic leukaemia with hypodiploidy
b-lymphoblastic lymphoma with hypodiploidy
b-lymphoblastic leukaemia with iamp21
b-lymphoblastic lymphoma with iamp21
b-lymphoblastic leukaemia with other defined genetic alterations
b-lymphoblastic lymphoma with other defined genetic alterations
b-lymphoblastic leukaemias
b-lymphoblastic lymphomas
benign acanthomas
benign keratoses
neuromuscular choristoma
bronchiolar adenoma
ciliated muconodular papillary tumour
carcinoid tumour of the lung
neuroendocrine tumour of the lung
carcinoid tumour of the thymus
neuroendocrine tumour of the thymus
central primitive neuroectodermal tumour
cns embryonal tumour
classic angiomyolipoma
pecoma of the kidney
corticotroph pitnet
dermal hyperneury
epithelial sheath neuroma
early t-precursor lymphoblastic leukaemia
early t-precursor lymphoblastic lymphoma
ectopic pitnet
invasive pitnet
invasive pituitary adenoma
endometrial atypical hyperplasia
endometrioid intraepithelial neoplasia
epithelioid angiomyolipoma of the kidney
epithelioid pecoma of the kidney
fasciitis
myositis
gastrointestinal clear cell sarcoma
malignant gastrointestinal neuroectodermal tumour
gonadotroph pitnet
hidrocystoma
histiocyte neoplasms
macrophage neoplasms
hyperplasias arising in immune deficiency
hyperplasias arising in immune dysregulation
immature pit1-lineage pitnet
immature pit1-lineage adenoma
intracholecystic papillary neoplasm (formerly intracystic papillary neoplasm)
intracholecystic papillary neoplasm (formerly intraductal papillary neoplasm)
lactotroph pitnet
lymphomas arising in immune deficiency
lymphomas arising in immune dysregulation
mammosomatotroph pitnet
mammosomatotroph adenoma
mature plurihormonal pit1-lineage pitnet
mature plurihormonal pit1-lineage adenoma
mediastinal t-lymphoblastic leukaemia
mediastinal t-lymphoblastic lymphoma
mixed somatotroph-lactotroph pitnet
mixed somatotroph-lactotroph adenoma
multiple synchronous pitnet
adenomas of distinct lineages
myelodysplastic neoplasm with neutrophilia
myeloproliferative neoplasm with neutrophilia
myeloid neoplasm with etv6::abl1 fusion
lymphoid neoplasm with etv6::abl1 fusion
myeloid neoplasm with fgfr1 rearrangement
lymphoid neoplasm with fgfr1 rearrangement
myeloid neoplasm with flt3 rearrangement
lymphoid neoplasm with flt3 rearrangement
myeloid neoplasm with jak2 rearrangement
lymphoid neoplasm with jak2 rearrangement
myeloid neoplasm with pdgfra rearrangement
lymphoid neoplasm with pdgfra rearrangement
myeloid neoplasm with pdgfrb rearrangement
lymphoid neoplasm with pdgfrb rearrangement
myeloid neoplasms with other tyrosine kinase gene fusions
lymphoid neoplasms with other tyrosine kinase gene fusions
null cell pitnet
pituitary neuroendocrine tumour
plantar fibromatoses
palmar fibromatoses
multiple myeloma
plurihormonal pitnet
plurihormonal adenomas
polymorphic lymphoproliferative disorders arising in immune deficiency
polymorphic lymphoproliferative disorders arising in immune dysregulation
somatotroph pitnet
splenic b-cell lymphoma with prominent nucleoli
splenic b-cell leukaemia with prominent nucleoli
t cell lymphomas
nk cell lymphomas
t-cell tumours
nk-cell tumours
thyrotroph pitnet
trichoblastic carcinoma
trichoblastic carcinosarcoma
"ameloblastoma, extraosseous"
"ameloblastoma, peripheral"
"b-lymphoblastic leukaemia, nos"
"b-lymphoblastic lymphoma, nos"
"central atypical cartilaginous tumour, grade 1"
"chondrosarcoma, grade 1"
"myelodysplastic neoplasm, nos"
"secondary peripheral atypical cartilaginous tumour, grade 1"
"t-lymphoblastic leukaemia, nos"
"t-lymphoblastic lymphoma, nos"
adenocarcinoma of the collecting ducts
adenocarcinoma of the rete testis
adenocarcinoma of the oesophagus nos
adenocarcinoma of the oesophagogastric junction nos
adenoma of the ciliary body
adenocarcinoma of the ciliary body
adenoma of the retinal pigment epithelium
adenocarcinoma of the retinal pigment epithelium
adenoma of the collecting ducts
adenoma of the rete testis
adenomyoma of the broad ligament
adenomyoma of other uterine ligaments
adenosarcoma of the broad ligament
adenosarcoma of other uterine ligaments
benign sclerosing lesions
adenosquamous carcinomas of the uterine cervix
mucoepidermoid carcinomas of the uterine cervix
adipose tissue tumours
(myo)fibroblastic tumours
appendiceal serrated lesions
appendiceal serrated polyps
b-cell lymphoid proliferations
benign tumours of the iris
benign tumours of the ciliary body pigment epithelium
malignant tumours of the iris and ciliary body pigment epithelium
malignant tumours of the iris
malignant tumours of the ciliary body pigment epithelium
benign tumours of the retinal pigment epithelium
malignant tumours of the retinal pigment epithelium
precursor squamous lesions
benign mesothelial tumours
preinvasive mesothelial tumours
benign epithelial tumours of the eyelid
premalignant epithelial tumours of the eyelid
benign epithelial tumours of the lacrimal drainage system
premalignant epithelial tumours of the lacrimal drainage system
benign epithelial tumours of the lacrimal gland
premalignant epithelial tumours of the lacrimal gland
benign melanocytic eyelid tumours
premalignant melanocytic eyelid tumours
benign apocrine tumours
benign eccrine tumours
benign lesions of the iris
benign hamartomas of the iris
benign maxillofacial bone tumours
benign maxillofacial cartilage tumours
benign melanocytic lesions of the choroid
benign melanocytic lesions of the ciliary body
benign pericytic neoplasms
benign perivascular neoplasms
blue naevi
melanocytoses
carcinomas metastatic to the peritoneum
sarcomas metastatic to the peritoneum
lipomatous hypertrophy of the atrial septum
ciliary body tumours
choroid tumours
circumscribed meningeal melanocytic neoplasms: melanocytoma
circumscribed meningeal melanocytic neoplasms: melanoma
clear cell cystadenoma
clear cell adenofibroma
colorectal serrated lesions
colorectal serrated polyps
congenital non-progressive haemangiomas: rapidly involuting congenital haemangioma
congenital non-progressive haemangiomas: non-involuting congenital haemangioma
conjunctival stromal tumour
ocular surface fibroma
cranial nerve tumours
paraspinal nerve tumours
cutaneous b-cell lymphoproliferative disorders
cutaneous b-cell lymphoproliferative neoplasms
cutaneous nk-cell lymphoproliferative disorders and neoplasms
cutaneous nk-cell lymphoproliferative disorders
cutaneous nk-cell neoplasms
cutaneous t-cell lymphoproliferative disorders and neoplasms
cutaneous t-cell lymphoproliferative disorders
cutaneous t-cell neoplasms
cysts of the conjunctiva
cysts of the caruncle
diffuse choroidal neurofibroma
diffuse choroidal ganglioneuroma
diffuse meningeal melanocytic neoplasms: melanocytosis
diffuse meningeal melanocytic neoplasms: melanomatosis
ebv-positive nk-cell lymphomas
ebv-positive t-cell lymphomas
ebv-positive nodal t-cell lymphoma
ebv-positive nodal nk-cell lymphoma
ebv-positive t-cell and nk-cell lymphoid proliferations of childhood
ebv-positive t-cell and nk-cell lymphomas of childhood
ebv-positive t-cell lymphoid proliferations of childhood
ebv-positive t-cell lymphomas of childhood
ebv-positive nk-cell lymphoid proliferations of childhood
ebv-positive nk-cell lymphomas of childhood
ectopic tumours of thyroid
ectopic tumours of parathyroid origin
endometrioid cystadenoma
endometrioid adenofibroma
orbit tumours
fibro-osseous tumours
fibro-osseous dysplasias
fibroepithelial tumours of the breast
hamartomas of the breast
fibromatosis
massive oedema
ganglioneuromatosis
genital melanocytic tumours
mucosal melanocytic tumours
germ cell tumours of the head
germ cell tumours of the neck
bone cysts
glandular cysts
glioneuronal tumours
glomangioma
glomuvenous malformation
vascular malformations
haematolymphoid proliferations
haematolymphoid neoplasia
haematolymphoid tumours of the pleura
haematolymphoid tumours of the pericardium
head paraganglioma
neck paraganglioma
head tumours
neck tumours
inborn error of immunity-associated lymphoid proliferations
inborn error of immunity-associated lymphomas
intercalated duct adenoma
intestinal t-cell and nk-cell lymphoid proliferations
intestinal t-cell lymphoid proliferations
intestinal nk-cell lymphoid proliferations
intestinal t-cell and nk-cell lymphomas
intestinal t-cell lymphomas
intestinal nk-cell lymphomas
invasive hydatidiform moles
metastatic hydatidiform moles
invasive epithelial tumours of the penis
invasive epithelial tumours of the scrotum
laryngeal epithelial dysplasia
hypopharyngeal epithelial dysplasia
leiomyoma of the broad ligament
leiomyoma of other uterine ligaments
leiomyosarcoma of the broad ligament
leiomyosarcoma of other uterine ligaments
hibernoma of bone
lymphoid proliferations associated with immune deficiency and dysregulation
lymphoid proliferations associated with immune deficiency
lymphoid proliferations associated with immune dysregulation
lymphomas associated with immune deficiency and dysregulation
lymphomas associated with immune deficiency
lymphomas associated with immune dysregulation
lymphoproliferative disorders associated with immunodeficiency and dysregulation
lymphomas associated with immunodeficiency and dysregulation
malformations of the optic disc
malformations of the optic nerve
malignant apocrine tumours
malignant eccrine tumours
malignant maxillofacial bone tumours
malignant cartilage tumours
malignant melanocytic tumours of the choroid
malignant melanocytic tumours of the ciliary body
mature t-cell leukaemias
mature nk-cell leukaemias
medulloepithelioma of the optic disc
medulloepithelioma of the optic nerve
melanocytic tumours of the optic disc
melanocytic tumours of the optic nerve
melanocytoma of the optic disc
melanocytoma of the optic nerve
mixed tumours
stromal tumours
mesonephric remnants
mesonephric hyperplasia
metastases to the brain
metastases to the spinal cord parenchyma
metastases to the head region
metastases to the neck region
metastasis to the heart
metastasis to the pericardium
metastasis to the testis
metastasis to the paratestis
metastasis to the thymus
metastasis to the mediastinal lymph nodes
mixed stromal tumours
other sex cord stromal tumours
monodermal teratomas arising from a dermoid cyst
somatic-type tumours arising from a dermoid cyst
mucinous adenofibroma
mucinous cystic neoplasm of the liver
mucinous cystic neoplasm of the biliary system
mucosal naevi
genital naevi
myeloid neoplasms associated with antecedent or predisposing conditions
myeloid proliferations associated with antecedent or predisposing conditions
myeloid proliferations
myoepithelioma of the lung
myoepithelial carcinoma of the lung
neuroendocrine neoplasms of the gallbladder
neuroendocrine neoplasms of the bile ducts
nodular melanomas
other melanomas
ocular melanocytic tumours
maxillofacial bone tumours
oesophageal adenosquamous carcinomas
oesophageal mucoepidermoid carcinomas
oncocytic renal tumours
chromophobe renal tumours
oral cavity tumours
mobile tongue tumours
orbital dermoid cysts
other orbital cysts
other tumours of the neck
other tumours of the lymph nodes
ovarian-type tumours of the collecting ducts
ovarian-type tumours of the rete testis
palmar fibromatosis
plantar fibromatosis
parasympathetic paraganglioma (head paraganglioma)
parasympathetic paraganglioma (neck paraganglioma)
penile adenosquamous carcinomas
penile mucoepidermoid carcinomas
pericytic tumours
peripheral neural tumours
pigment epithelial tumours of the optic disc
pigment epithelial tumours of the optic nerve
pilocytic astrocytoma of the optic nerve
other gliomas of the optic nerve
placental site nodule
placental site plaque
other diseases with paraproteins
posterior pituitary neoplasms
hypothalamic neoplasms
pre-neoplastic small lymphocytic proliferations
neoplastic small lymphocytic proliferations
premalignant epithelial tumours of the conjunctiva
malignant epithelial tumours of the conjunctiva
premalignant melanocytic conjunctival tumours
malignant melanocytic conjunctival tumours
premalignant retinal tumours
malignant retinal tumours
primary cutaneous t-cell lymphoid proliferations
primary cutaneous t-cell lymphomas
primary neural tumours of the optic disc
primary neural tumours of the optic nerve
primary tumours of the optic disc
primary tumours of the optic nerve
pterygium
pingueculum
reactive and cystic lesions of the iris
reactive and cystic lesions of the ciliary body pigment epithelium
male genital tumours
retinal tumours
neuroepithelial tumours
secondary cutaneous involvement in nk-cell lymphomas and leukaemias
secondary cutaneous involvement in t-cell and nk-cell lymphomas
secondary cutaneous involvement in nk-cell lymphomas
secondary cutaneous involvement in t-cell and nk-cell leukaemias
secondary cutaneous involvement in nk-cell leukaemias
seromucinous cystadenoma
seromucinous adenofibroma
serotonin-producing tumours with carcinoid syndrome
serotonin-producing tumours without carcinoid syndrome
serous adenofibroma of the fallopian tube
serous papilloma of the fallopian tube
other tumours
small intestinal neuroendocrine neoplasms
ampullary neuroendocrine neoplasms
solid papillary carcinoma (in situ)
solid papillary carcinoma (invasive)
splenic b-cell lymphomas
splenic b-cell leukaemias
squamous dysplasia of the lung
carcinoma in situ of the lung
squamous papillomatosis
stromal hyperplasia
stromal hyperthecosis
t-cell and nk-cell lymphoid proliferations
t-cell lymphoid proliferations
nk-cell lymphoid proliferations
t-cell and nk-cell lymphomas
nk-cell lymphomas
t-cell lymphoid proliferations and lymphomas
nk-cell lymphoid proliferations and lymphomas
trichodiscomas
fibrofolliculomas
tumour-like lesions of the conjunctiva
tumours and tumour-like lesions of the neck
tumours and tumour-like lesions of the lymph nodes
tumours of the neck and lymph nodes
tumours of the neck
tumours of the lymph nodes
tumour-like lesions of the neck and lymph nodes
tumour-like lesions of the lymph nodes
tumour-like lesions of the neck
tumours of the adrenal medulla
tumours of the extra-adrenal paraganglia
tumours of the broad ligament
tumours of other uterine ligaments
tumours of the collecting ducts
tumours of the rete testis
tumours of the conjunctiva
tumours of the caruncle
tumours of the iris
tumours of the ciliary body neuroepithelium
tumours of the middle ear
tumours of the inner ear
tumours of the optic disc
tumours of the optic nerve
tumours of the scrotum
tumours of the retina
tumours of the neuroepithelium
tumours of the ampulla
tumours with apocrine differentiation
tumours with eccrine differentiation
undifferentiated carcinomas of the ovary
dedifferentiated carcinomas of the ovary
undifferentiated carcinomas of the uterine corpus
dedifferentiated carcinomas of the uterine corpus
undifferentiated small round cell sarcomas of bone
undifferentiated small round cell sarcomas of soft tissue
urachal neoplasms
diverticular neoplasms
urinary tumours
verruca palmaris
verrucous carcinoma of the oral cavity
verrucous carcinoma of the mobile tongue
wolffian tumour of the broad ligament
wolffian tumour of other uterine ligaments
bartholin gland adenomyoma
bartholin gland hyperplasia
bartholin gland adenoma
benign fibrohistiocytic neoplasms
benign fibroblastic neoplasms
benign myofibroblastic neoplasms
"central chondrosarcoma, grades 2"
"central chondrosarcoma, grades 3"
subepithelial naevi
conjunctival junctional naevi
compound naevi
gliomas
parapharyngeal tumours
hypopharyngeal tumours
laryngeal tumours
tracheal tumours
intermediate fibroblastic neoplasms
intermediate myofibroblastic neoplasms
intermediate fibrohistiocytic neoplasms
junctional naevi
subepithelial conjunctival naevi
dermal naevi
malignant fibroblastic neoplasms
myofibroblastic neoplasms
fibrohistiocytic neoplasms
meningioma of the sinonasal tract
meningioma of the ear
meningioma of the temporal bone
mesenchymal tumours unique to the parapharyngeal space
mesenchymal tumours unique to the hypopharynx
mesenchymal tumours unique to the larynx
mesenchymal tumours unique to the trachea
nasal tumours
paranasal tumours
skull base tumours
nodular and proliferative fasciitis
"nodular fasciitis, proliferative myositis"
"proliferative fasciitis, proliferative myositis"
naevoid melanomas
pituicytoma
granular cell tumour of the sellar region
reactive lesions
epithelial lesions
degenerative conjunctival lesions
rete cystadenoma
rete adenoma
rete adenocarcinoma
sebaceous hyperplasia
"secondary peripheral chondrosarcoma, grades 2"
"secondary peripheral chondrosarcoma, grades 3"
serous cystadenoma of the ovary
serous adenofibroma of the ovary
serous surface papilloma of the ovary
special-site naevi (of the ear)
special-site naevi (of the breast)
special-site naevi (of the axilla)
special-site naevi (of the scalp)
tumour-like lesions of the eyelid
hamartomas of the eyelid
verrucous carcinoma of the hypopharynx
verrucous carcinoma of the larynx
verrucous carcinoma of the trachea
verrucous carcinoma of the parapharyngeal space
high grade b-cell lymphoma with myc and bcl2 rearrangements
mixed gangliocytoma-pitnet/adenoma
kshv/hhv8-associated b-cell lymphoid proliferations
kshv/hhv8-associated b-cell lymphomas
myelodysplastic neoplasm with sf3b1 mutation and thrombocytosis
myeloproliferative neoplasm with sf3b1 mutation and thrombocytosis
myeloid neoplasms with eosinophilia and defining gene rearrangement
lymphoid neoplasms with eosinophilia and defining gene rearrangement
nk/t-cell lymphomas