"","Tumor_Names","is_AND","is_slash","is_comma"
"1","keratinocytic tumours","No","No","No"
"2","basal cell carcinoma","No","No","No"
"3","superficial basal cell carcinoma","No","No","No"
"4","nodular basal cell carcinoma","No","No","No"
"5","micronodular basal cell carcinoma","No","No","No"
"6","infiltrating basal cell carcinoma","No","No","No"
"7","fibroepithelial basal cell carcinoma","No","No","No"
"8","basal cell carcinoma with adnexal differentiation","No","No","No"
"9","basosquamous carcinoma","No","No","No"
"10","keratotic basal cell carcinoma","No","No","No"
"11","other variants","No","No","No"
"12","squamous cell carcinoma","No","No","No"
"13","acantholytic squamous cell carcinoma","No","No","No"
"14","spindle-cell squamous cell carcinoma","No","No","No"
"15","verrucous squamous cell carcinoma","No","No","No"
"16","pseudovascular squamous cell carcinoma","No","No","No"
"17","adenosquamous carcinoma","No","No","No"
"18","bowen disease","No","No","No"
"19","bowenoid papulosis","No","No","No"
"20","actinic keratosis","No","No","No"
"21","arsenical keratosis","No","No","No"
"22","puva keratosis","No","No","No"
"23","verrucas","No","No","No"
"24","verruca vulgaris","No","No","No"
"25","verruca plantaris","No","No","No"
"26","verruca plana","No","No","No"
"27","acanthomas","No","No","No"
"28","epidermolytic acanthoma","No","No","No"
"29","warty dyskeratoma","No","No","No"
"30","acantholytic acanthoma","No","No","No"
"31","lentigo simplex","No","No","No"
"32","seborrhoeic keratosis","No","No","No"
"33","melanoacanthoma","No","No","No"
"34","clear cell acanthoma","No","No","No"
"35","large cell acanthoma","No","No","No"
"36","keratoacanthoma","No","No","No"
"37","lichen planus-like keratosis","No","No","No"
"38","melanocytic tumours","No","No","No"
"39","malignant melanoma","No","No","No"
"40","superficial spreading melanoma","No","No","No"
"41","nodular melanoma","No","No","No"
"42","lentigo maligna","No","No","No"
"43","acral-lentiginous melanoma","No","No","No"
"44","melanoma arising from blue naevus","No","No","No"
"45","melanoma arising in giant congenital naevus","No","No","No"
"46","childhood melanoma","No","No","No"
"47","naevoid melanoma","No","No","No"
"48","congenital melanocytic naevus","No","No","No"
"49","blue naevus","No","No","No"
"50","common blue naevus","No","No","No"
"51","mongolian spot","No","No","No"
"52","cellular blue naevus","No","No","No"
"53","deep penetrating naevus","No","No","No"
"54","combined naevus","No","No","No"
"55","melanotic macules","No","No","No"
"56","simple lentigo – lentiginous melanocytic naevus","No","No","No"
"57","dysplastic naevus","No","No","No"
"58","acral naevus","No","No","No"
"59","genital naevus","No","No","No"
"60","meyerson naevus","No","No","No"
"61","persistent (recurrent) melanocytic naevus","No","No","No"
"62","spitz naevus","No","No","No"
"63","pigmented spindle cell naevus (reed)","No","No","No"
"64","halo naevus","No","No","No"
"65","appendageal tumours","No","No","No"
"66","tubular carcinoma","No","No","No"
"67","microcystic adnexal carcinoma","No","No","No"
"68","malignant mixed tumour","No","No","No"
"69","porocarcinoma","No","No","No"
"70","spiradenocarcinoma","No","No","No"
"71","hidradenocarcinoma","No","No","No"
"72","mucinous carcinoma","No","No","No"
"73","digital papillary carcinoma","No","No","No"
"74","adenoid cystic carcinoma","No","No","No"
"75","apocrine carcinoma","No","No","No"
"76","hidrocytoma","No","No","No"
"77","syringoma","No","No","No"
"78","poroma","No","No","No"
"79","syringofibroadenoma","No","No","No"
"80","hidradenoma","No","No","No"
"81","spiradenoma","No","No","No"
"82","cylindroma","No","No","No"
"83","syringocystadenoma papilliferum","No","No","No"
"84","hidradenoma papilliferum","No","No","No"
"85","haematolymphoid tumours","No","No","No"
"86","mycosis fungoides (mf)","No","No","No"
"87","pagetoid reticulosis","No","No","No"
"88","syringotropic mf","No","No","No"
"89","folliculotropic mf","No","No","No"
"90","granulomatous mf","No","No","No"
"91","sézary syndrome","No","No","No"
"92","granulomatous slack skin","No","No","No"
"93","cd30+ t-cell lymphoproliferative disorders","No","No","No"
"94","lymphomatoid papulosis (lyp)","No","No","No"
"95","primary cutaneous anaplastic large-cell lymphoma","No","No","No"
"96","subcutaneous panniculitis-like t-cell lymphoma","No","No","No"
"97","cutaneous γδ t-cell lymphoma","No","No","No"
"98","primary cutaneous aggressive epidermotropic cd8+ cytotoxic t-cell lymphoma","No","No","No"
"99","primary cutaneous small-medium cd4+ t-cell lymphoma","No","No","No"
"100","hydroa vacciniforme-like cutaneous t-cell lymphoma","No","No","No"
"101","cutaneous involvement in primary extranodal t-cell lymphoma","No","No","No"
"102","systemic anaplastic large cell lymphoma (alcl)","No","No","No"
"103","angioimmunoblastic t-cell lymphoma (aitl)","No","No","No"
"104","cutaneous marginal zone b-cell lymphoma","No","No","No"
"105","cutaneous follicle centre lymphoma","No","No","No"
"106","cutaneous diffuse large b-cell lymphoma","No","No","No"
"107","plasmablastic lymphoma","No","No","No"
"108","secondary skin involvement by diffuse large b-cell lymphoma","No","No","No"
"109","intravascular large b-cell lymphoma","No","No","No"
"110","lymphomatoid granulomatosis","No","No","No"
"111","cutaneous involvement in primary extracutaneous b-cell lymphoma","No","No","No"
"112","mantle cell lymphoma","No","No","No"
"113","burkitt lymphoma","No","No","No"
"114","hodgkin lymphoma","No","No","No"
"115","blastic nk-cell lymphoma","No","No","No"
"116","cutaneous involvement by myeloid leukaemia","No","No","No"
"117","lymphoid infiltrates of the skin mimicking lymphoma","No","No","No"
"118","parapsoriasis","No","No","No"
"119","small plaque parapsoriasis","No","No","No"
"120","langerhans cell histiocytosis","No","No","No"
"121","indeterminate cell histiocytosis","No","No","No"
"122","sinus histiocytosis with massive lymphadenopathy (rosai-dorfman)","No","No","No"
"123","juvenile xanthogranuloma","No","No","No"
"124","reticulohistiocytosis","No","No","No"
"125","mastocytosis","No","No","No"
"126","soft tissue tumours","No","No","No"
"127","vascular tumours","No","No","No"
"128","haemangioma of infancy","No","No","No"
"129","cherry haemangioma","No","No","No"
"130","sinusoidal haemangioma","No","No","No"
"131","hobnail haemangioma","No","No","No"
"132","glomeruloid haemangioma","No","No","No"
"133","microvenular haemangioma","No","No","No"
"134","angiomyolipid hyperplasia with eosinophilia","No","No","No"
"135","spindle cell haemangioma","No","No","No"
"136","tufted angioma","No","No","No"
"137","bacillary angiomatosis","No","No","No"
"138","reactive angioendotheliomatosis","No","No","No"
"139","verrucous haemangioma","No","No","No"
"140","pyogenic granuloma","No","No","No"
"141","cavernous haemangioma","No","No","No"
"142","angiokeratomas","No","No","No"
"143","arteriovenous haemangioma","No","No","No"
"144","cutaneous angiosarcoma","No","No","No"
"145","lymphangio tumours","No","No","No"
"146","lymphangioma circumscriptum","No","No","No"
"147","progressive lymphangioma","No","No","No"
"148","smooth muscle hamartoma","No","No","No"
"149","pilar leiomyoma","No","No","No"
"150","cutaneous leiomyosarcoma","No","No","No"
"151","rhabdomyomatous mesenchymal hamartoma","No","No","No"
"152","keloid scar","No","No","No"
"153","hypertrophic scar","No","No","No"
"154","dermatofibroma","No","No","No"
"155","infantile myofibromatosis","No","No","No"
"156","sclerotic fibroma","No","No","No"
"157","digital mucous cyst","No","No","No"
"158","digital fibrokeratoma","No","No","No"
"159","pleomorphic fibroma","No","No","No"
"160","giant cell fibroblastoma","No","No","No"
"161","dermatofibrosarcoma protuberans","No","No","No"
"162","dermatofibroma (fibrous histiocytoma)","No","No","No"
"163","neural tumours","No","No","No"
"164","palisaded encapsulated neuroma","No","No","No"
"165","traumatic neuroma","No","No","No"
"166","merkel cell carcinoma","No","No","No"
"167","granular cell tumour","No","No","No"
"168","inherited tumour syndromes","No","No","No"
"169","familial cutaneous melanoma","No","No","No"
"170","xeroderma pigmentosum","No","No","No"
"171","naevoid basal cell carcinoma (gorlin) syndrome","No","No","No"
"172","cowden syndrome","No","No","No"
"173","carney complex","No","No","No"
"174","squamous cell carcinoma","No","No","No"
"175","lymphoepithelial carcinoma","No","No","No"
"176","sinonasal undifferentiated carcinoma","No","No","No"
"177","adenocarcinoma","No","No","No"
"178","neuroendocrine tumours","No","No","No"
"179","benign epithelial tumours","No","No","No"
"180","schneiderian papillomas","No","No","No"
"181","respiratory epithelial adenomatoid hamartoma","No","No","No"
"182","soft tissue tumours","No","No","No"
"183","malignant soft tissue tumours","No","No","No"
"184","benign soft tissue tumours","No","No","No"
"185","malignant tumours","No","No","No"
"186","benign tumours","No","No","No"
"187","haematolymphoid tumours","No","No","No"
"188","neuroectodermal tumours","No","No","No"
"189","germ cell tumours","No","No","No"
"190","secondary tumours","No","No","No"
"191","tumours of the nasopharynx","No","No","No"
"192","nasopharyngeal carcinoma","No","No","No"
"193","papillary adenocarcinoma","No","No","No"
"194","benign epithelial tumours","No","No","No"
"195","nasopharyngeal angiofibroma","No","No","No"
"196","haematolymphoid tumours","No","No","No"
"197","secondary tumours","No","No","No"
"198","squamous cell carcinoma","No","No","No"
"199","verrucous carcinoma","No","No","No"
"200","basaloid squamous cell carcinoma","No","No","No"
"201","papillary squamous cell carcinoma","No","No","No"
"202","spindle cell carcinoma","No","No","No"
"203","acantholytic squamous cell carcinoma","No","No","No"
"204","adenosquamous carcinoma","No","No","No"
"205","lymphoepithelial carcinoma","No","No","No"
"206","giant cell carcinoma","No","No","No"
"207","neuroendocrine tumours","No","No","No"
"208","epithelial precursor lesions","No","No","No"
"209","benign epithelial tumours","No","No","No"
"210","malignant soft tissue tumours","No","No","No"
"211","inflammatory myofibroblastic tumour","No","No","No"
"212","benign soft tissue tumours","No","No","No"
"213","haematolymphoid tumours","No","No","No"
"214","mucosal malignant melanoma","No","No","No"
"215","secondary tumours","No","No","No"
"216","squamous cell carcinoma","No","No","No"
"217","lymphoepithelial carcinoma","No","No","No"
"218","epithelial precursor lesions","No","No","No"
"219","proliferative verrucous leukoplakia","No","No","No"
"220","precancerous conditions","No","No","No"
"221","benign epithelial tumours","No","No","No"
"222","papillomas","No","No","No"
"223","granular cell tumour","No","No","No"
"224","keratoacanthoma","No","No","No"
"225","papillary hyperplasia","No","No","No"
"226","median rhomboid glossitis","No","No","No"
"227","kaposi sarcoma","No","No","No"
"228","lymphangioma","No","No","No"
"229","ectomesenchymal chondromyxoid tumour","No","No","No"
"230","focal oral mucinosis","No","No","No"
"231","congenital granular cell epulis","No","No","No"
"232","haematolymphoid tumours","No","No","No"
"233","malignant melanoma","No","No","No"
"234","secondary tumours","No","No","No"
"235","acinic cell carcinoma","No","No","No"
"236","mucoepidermoid carcinoma","No","No","No"
"237","adenoid cystic carcinoma","No","No","No"
"238","polymorphous low-grade adenocarcinoma","No","No","No"
"239","epithelial-myoepithelial carcinoma","No","No","No"
"240","basal cell adenocarcinoma","No","No","No"
"241","malignant sebaceous tumours","No","No","No"
"242","cystadenocarcinoma","No","No","No"
"243","low-grade cribriform cystadenocarcinoma","No","No","No"
"244","mucinous adenocarcinoma","No","No","No"
"245","oncocytic carcinoma","No","No","No"
"246","salivary duct carcinoma","No","No","No"
"247","myoepithelial carcinoma","No","No","No"
"248","carcinoma ex pleomorphic adenoma","No","No","No"
"249","carcinosarcoma","No","No","No"
"250","metastasizing pleomorphic adenoma","No","No","No"
"251","squamous cell carcinoma","No","No","No"
"252","small cell carcinoma","No","No","No"
"253","large cell carcinoma","No","No","No"
"254","lymphoepithelial carcinoma","No","No","No"
"255","sialoblastoma","No","No","No"
"256","benign epithelial tumours","No","No","No"
"257","pleomorphic adenoma","No","No","No"
"258","myoepithelioma","No","No","No"
"259","basal cell adenoma","No","No","No"
"260","warthin tumour","No","No","No"
"261","oncocytoma","No","No","No"
"262","canalicular adenoma","No","No","No"
"263","sebaceous adenoma","No","No","No"
"264","lymphadenomas","No","No","No"
"265","ductal papillomas","No","No","No"
"266","cystadenoma","No","No","No"
"267","soft tissue tumours","No","No","No"
"268","haemangioma","No","No","No"
"269","haematolymphoid tumours","No","No","No"
"270","secondary tumours","No","No","No"
"271","odontogenic tumours","No","No","No"
"272","ameloblastic carcinomas","No","No","No"
"273","ameloblastomas","No","No","No"
"274","squamous odontogenic tumour","No","No","No"
"275","calcifying epithelial odontogenic tumour","No","No","No"
"276","adenomatoid odontogenic tumour","No","No","No"
"277","keratocystic odontogenic tumour","No","No","No"
"278","cementoblastoma","No","No","No"
"279","bone related lesions","No","No","No"
"280","ossifying fibroma","No","No","No"
"281","fibrous dysplasia","No","No","No"
"282","osseous dysplasias","No","No","No"
"283","central giant cell lesion","No","No","No"
"284","cherubism","No","No","No"
"285","aneurysmal bone cyst","No","No","No"
"286","simple bone cyst","No","No","No"
"287","tumours of the ear","No","No","No"
"288","cylindroma","No","No","No"
"289","squamous cell carcinoma","No","No","No"
"290","embryonal rhabdomyosarcoma","No","No","No"
"291","fibrous dysplasia","No","No","No"
"292","angiolymphoid hyperplasia with eosinophilia","No","No","No"
"293","kimura disease","No","No","No"
"294","idiopathic pseudocystic chondromalacia","No","No","No"
"295","chondrodermatitis nodularis chronica helicis","No","No","No"
"296","middle ear","No","No","No"
"297","adenoma","No","No","No"
"298","papillary tumours","No","No","No"
"299","choristoma","No","No","No"
"300","squamous cell carcinoma","No","No","No"
"301","meningioma","No","No","No"
"302","inner ear","No","No","No"
"303","vestibular schwannoma","No","No","No"
"304","neurofibromatosis type 2","No","No","No"
"305","lipoma of the internal auditory canal","No","No","No"
"306","haemangioma","No","No","No"
"307","endolymphatic sac tumour","No","No","No"
"308","haematolymphoid tumours","No","No","No"
"309","langerhans cell histiocytosis","No","No","No"
"310","secondary tumours","No","No","No"
"311","tumours of the paraganglionic system","No","No","No"
"312","carotid body paraganglioma","No","No","No"
"313","jugulotympanic paraganglioma","No","No","No"
"314","vagal paraganglioma","No","No","No"
"315","laryngeal paraganglioma","No","No","No"
"316","tumours of the kidney","No","No","No"
"317","renal cell carcinoma","No","No","No"
"318","familial renal cancer","No","No","No"
"319","clear cell renal cell carcinoma","No","No","No"
"320","multilocular cystic renal cell carcinoma","No","No","No"
"321","papillary renal cell carcinoma","No","No","No"
"322","chromophobe renal cell carcinoma","No","No","No"
"323","carcinoma of the collecting ducts of bellini","No","No","No"
"324","renal medullary carcinoma","No","No","No"
"325","renal cell carcinoma associated with neuroblastoma","No","No","No"
"326","mucinous tubular spindle cell carcinoma","No","No","No"
"327","papillary adenoma of the kidney","No","No","No"
"328","oncocytoma","No","No","No"
"329","renal cell carcinoma unclassified","No","No","No"
"330","metanephric tumours","No","No","No"
"331","metanephric adenoma","No","No","No"
"332","metanephric adenofibroma","No","No","No"
"333","metanephric stromal tumour","No","No","No"
"334","nephroblastic tumours","No","No","No"
"335","nephroblastoma","No","No","No"
"336","soft tissue tumours","No","No","No"
"337","clear cell sarcoma","No","No","No"
"338","rhabdoid tumour","No","No","No"
"339","congenital mesoblastic nephroma","No","No","No"
"340","ossifying renal tumour of infancy","No","No","No"
"341","haemangiopericytoma","No","No","No"
"342","leiomyosarcoma","No","No","No"
"343","osteosarcoma","No","No","No"
"344","renal angiosarcoma","No","No","No"
"345","malignant fibrous histiocytoma","No","No","No"
"346","angiomyolipoma","No","No","No"
"347","epithelioid angiomyolipoma","No","No","No"
"348","leiomyoma","No","No","No"
"349","haemangioma","No","No","No"
"350","lymphangioma","No","No","No"
"351","juxtaglomerular cell tumour","No","No","No"
"352","renomedullary interstitial cell tumour","No","No","No"
"353","intrarenal schwannoma","No","No","No"
"354","solitary fibrous tumour","No","No","No"
"355","cystic nephroma","No","No","No"
"356","synovial sarcoma","No","No","No"
"357","renal carcinoid tumour","No","No","No"
"358","neuroendocrine carcinoma","No","No","No"
"359","primitive neuroectodermal tumour (ewing sarcoma)","No","No","No"
"360","neuroblastoma","No","No","No"
"361","lymphomas","No","No","No"
"362","plasmacytoma","No","No","No"
"363","leukaemia","No","No","No"
"364","germ cell tumours","No","No","No"
"365","tumours of the urinary system","No","No","No"
"366","infiltrating urothelial carcinoma","No","No","No"
"367","non-invasive urothelial tumours","No","No","No"
"368","urothelial hyperplasia","No","No","No"
"369","urothelial dysplasia","No","No","No"
"370","urothelial papilloma","No","No","No"
"371","inverted papilloma","No","No","No"
"372","papillary urothelial neoplasm of low malignant potential","No","No","No"
"373","non-invasive high grade papillary urothelial carcinoma","No","No","No"
"374","urothelial carcinoma in situ","No","No","No"
"375","squamous neoplasms","No","No","No"
"376","squamous cell carcinoma","No","No","No"
"377","verrucous squamous cell carcinoma","No","No","No"
"378","squamous cell papilloma","No","No","No"
"379","adenocarcinoma","No","No","No"
"380","urachal carcinoma","No","No","No"
"381","clear cell adenocarcinoma","No","No","No"
"382","villous adenoma","No","No","No"
"383","neuroendocrine tumours","No","No","No"
"384","small cell carcinoma","No","No","No"
"385","paraganglioma","No","No","No"
"386","carcinoid","No","No","No"
"387","soft tissue tumours","No","No","No"
"388","rhabdomyosarcoma","No","No","No"
"389","leiomyosarcoma","No","No","No"
"390","angiosarcoma","No","No","No"
"391","osteosarcoma","No","No","No"
"392","malignant fibrous histiocytoma","No","No","No"
"393","leiomyoma","No","No","No"
"394","other mesenchymal tumours","No","No","No"
"395","granular cell tumour","No","No","No"
"396","neurofibroma","No","No","No"
"397","haemangioma","No","No","No"
"398","malignant melanoma","No","No","No"
"399","lymphomas","No","No","No"
"400","tumours of the urethra","No","No","No"
"401","tumours of the prostate","No","No","No"
"402","acinar adenocarcinoma","No","No","No"
"403","prostatic intraepithelial neoplasia","No","No","No"
"404","ductal adenocarcinoma","No","No","No"
"405","urothelial carcinoma","No","No","No"
"406","squamous neoplasms","No","No","No"
"407","basal cell carcinoma","No","No","No"
"408","neuroendocrine tumours","No","No","No"
"409","mesenchymal tumours","No","No","No"
"410","haematolymphoid tumours","No","No","No"
"411","secondary tumors involving the prostate","No","No","No"
"412","miscellaneous tumours","No","No","No"
"413","tumours of the seminal vesicles","No","No","No"
"414","germ cell tumours","No","No","No"
"415","precursor lesions","No","No","No"
"416","seminoma","No","No","No"
"417","spermatocytic seminoma","No","No","No"
"418","spermatocytic seminoma with sarcoma","No","No","No"
"419","embryonal carcinoma","No","No","No"
"420","yolk sac tumour","No","No","No"
"421","choriocarcinoma","No","No","No"
"422","teratomas","No","No","No"
"423","dermoid cyst","No","No","No"
"424","mixed germ cell tumours","No","No","No"
"425","leydig cell tumour","No","No","No"
"426","malignant leydig cell tumour","No","No","No"
"427","sertoli cell tumour","No","No","No"
"428","malignant sertoli cell tumour","No","No","No"
"429","granulosa cell tumours","No","No","No"
"430","incompletely differentiated tumours","No","No","No"
"431","mixed forms","No","No","No"
"432","gonadoblastoma","No","No","No"
"433","miscellaneous tumours","No","No","No"
"434","tumours of paratesticular structures","No","No","No"
"435","adenomatoid tumour","No","No","No"
"436","mesothelioma","No","No","No"
"437","adenocarcinoma of the epididymis","No","No","No"
"438","papillary cystadenoma of epididymis","No","No","No"
"439","melanotic neuroectodermal tumour","No","No","No"
"440","desmoplastic small round cell tumour","No","No","No"
"441","mesenchymal tumours","No","No","No"
"442","secondary tumours","No","No","No"
"443","tumours of the penis","No","No","No"
"444","malignant epithelial tumours","No","No","No"
"445","squamous cell carcinoma","No","No","No"
"446","basaloid carcinoma","No","No","No"
"447","warty (condylomatous) carcinoma","No","No","No"
"448","verrucous carcinoma","No","No","No"
"449","papillary carcinoma (nos)","No","No","No"
"450","sarcomatoid (spindle cell) carcinoma","No","No","No"
"451","mixed carcinomas","No","No","No"
"452","adenosquamous carcinoma","No","No","No"
"453","merkel cell carcinoma","No","No","No"
"454","small cell carcinoma of neuroendocrine type","No","No","No"
"455","sebaceous carcinoma","No","No","No"
"456","clear cell carcinoma","No","No","No"
"457","basal cell carcinoma","No","No","No"
"458","precursor lesions","No","No","No"
"459","intraepithelial neoplasia grade iii","No","No","No"
"460","giant condyloma","No","No","No"
"461","bowen disease","No","No","No"
"462","erythroplasia of queyrat","No","No","No"
"463","paget disease","No","No","No"
"464","melanocytic lesions","No","No","No"
"465","mesenchymal tumours","No","No","No"
"466","lymphomas","No","No","No"
"467","secondary tumours","No","No","No"
"468","tumors of the pituitary","No","No","No"
"469","growth hormone producing adenoma","No","No","No"
"470","prolactin producing adenoma","No","No","No"
"471","thyrotropin producing adenoma","No","No","No"
"472","acth producing adenoma","No","No","No"
"473","gonadotropin producing adenoma","No","No","No"
"474","null cell adenoma","No","No","No"
"475","plurihormonal adenoma","No","No","No"
"476","pituitary carcinoma","No","No","No"
"477","gangliocytoma","No","No","No"
"478","meningioma tumours","No","No","No"
"479","chordoma","No","No","No"
"480","meningioma","No","No","No"
"481","granular cell tumour","No","No","No"
"482","secondary tumours of the pituitary","No","No","No"
"483","papillary carcinoma","No","No","No"
"484","follicular carcinoma","No","No","No"
"485","poorly differentiated carcinoma","No","No","No"
"486","undifferentiated (anaplastic) carcinoma","No","No","No"
"487","squamous cell carcinoma","No","No","No"
"488","sclerosing mucoepidermoid carcinoma with eosinophilia","No","No","No"
"489","mucinous carcinoma","No","No","No"
"490","medullary thyroid carcinoma","No","No","No"
"491","spindle cell tumour with thymus-like differentiation","No","No","No"
"492","carcinoma showing thymus-like differentiation","No","No","No"
"493","follicular adenoma","No","No","No"
"494","hyalinizing trabecular tumour","No","No","No"
"495","teratoma","No","No","No"
"496","ectopic thymoma","No","No","No"
"497","angiosarcoma","No","No","No"
"498","smooth muscle tumours","No","No","No"
"499","peripheral nerve sheath tumours","No","No","No"
"500","paraganglioma","No","No","No"
"501","solitary fibrous tumour","No","No","No"
"502","rosai-dorfman disease","No","No","No"
"503","follicular dendritic cell tumour","No","No","No"
"504","langerhans cell histiocytosis","No","No","No"
"505","secondary tumours of the thyroid","No","No","No"
"506","parathyroid carcinoma","No","No","No"
"507","parathyroid adenoma","No","No","No"
"508","secondary tumours of the parathyroid","No","No","No"
"509","adrenal cortical carcinoma","No","No","No"
"510","adrenal cortical adenoma","No","No","No"
"511","malignant adrenal phaeochromocytoma","No","No","No"
"512","benign phaeochromocytoma","No","No","No"
"513","composite phaeochromocytoma or paraganglioma","No","No","No"
"514","extra-adrenal paraganglioma","No","No","No"
"515","extra-adrenal sympathetic paraganglioma","No","No","No"
"516","tumors of the endocrine pancreas","No","No","No"
"517","gastrinoma","No","No","No"
"518","glucagonoma","No","No","No"
"519","insulinoma","No","No","No"
"520","vipoma","No","No","No"
"521","somatostatinoma","No","No","No"
"522","serotonin secreting tumour","No","No","No"
"523","non-functioning tumours","No","No","No"
"524","mixed exocrine-endocrine carcinomas","No","No","No"
"525","poorly differentiated endocrine carcinoma","No","No","No"
"526","inherited tumour syndromes","No","No","No"
"527","multiple endocrine neoplasia type 1","No","No","No"
"528","multiple endocrine neoplasia type 2","No","No","No"
"529","hyperparathyroidism-jaw tumor syndrome","No","No","No"
"530","von hippel-lindau syndrome (vhl)","No","No","No"
"531","neurofibromatosis type 1","No","No","No"
"532","carney complex","No","No","No"
"533","mccune-albright syndrome","No","No","No"
"534","familial non-medullary thyroid cancer","No","No","No"
"535","tumours of the lung","No","No","No"
"536","squamous cell carcinoma","No","No","No"
"537","small cell carcinoma","No","No","No"
"538","adenocarcinoma","No","No","No"
"539","mixed subtype","No","No","No"
"540","acinar adenocarcinoma","No","No","No"
"541","papillary adenocarcinoma","No","No","No"
"542","bronchioloalveolar adenocarcinoma","No","No","No"
"543","solid adenocarcinoma","No","No","No"
"544","fetal adenocarcinoma","No","No","No"
"545","mucinous (colloid) adenocarcinoma","No","No","No"
"546","mucinous cystadenocarcinoma","No","No","No"
"547","signet ring adenocarcinoma","No","No","No"
"548","clear cell adenocarcinoma","No","No","No"
"549","large cell carcinoma","No","No","No"
"550","large cell neuroendocrine carcinoma","No","No","No"
"551","basaloid carcinoma","No","No","No"
"552","lymphoepithelioma-like carcinoma","No","No","No"
"553","clear cell carcinoma","No","No","No"
"554","rhabdoid phenotype","No","No","No"
"555","adenosquamous carcinoma","No","No","No"
"556","sarcomatoid carcinoma","No","No","No"
"557","pleomorphic carcinoma","No","No","No"
"558","spindle cell carcinoma","No","No","No"
"559","giant cell carcinoma","No","No","No"
"560","carcinosarcoma","No","No","No"
"561","pulmonary blastoma","No","No","No"
"562","carcinoid tumour","No","No","No"
"563","typical carcinoid","No","No","No"
"564","atypical carcinoid","No","No","No"
"565","mucoepidermoid carcinoma","No","No","No"
"566","adenoid cystic carcinoma","No","No","No"
"567","epithelial-myoepithelial carcinoma","No","No","No"
"568","preinvasive epithelial lesions","No","No","No"
"569","atypical adenomatous hyperplasia","No","No","No"
"570","diffuse idiopathic pulmonary neuroendocrine cell hyperplasia","No","No","No"
"571","benign epithelial lesions","No","No","No"
"572","papilloma","No","No","No"
"573","squamous cell papilloma","No","No","No"
"574","mixed papilloma","No","No","No"
"575","alveolar adenoma","No","No","No"
"576","papillary adenoma","No","No","No"
"577","pleomorphic adenoma","No","No","No"
"578","mucinous cystadenoma","No","No","No"
"579","malt lymphoma","No","No","No"
"580","diffuse large b-cell lymphoma","No","No","No"
"581","lymphomatoid granulomatosis","No","No","No"
"582","pulmonary langerhans cell histiocytosis","No","No","No"
"583","mesenchymal tumours","No","No","No"
"584","pleuropulmonary blastoma","No","No","No"
"585","chondroma","No","No","No"
"586","congenital peribronchial myofibroblastic tumour","No","No","No"
"587","diffuse pulmonary lymphangiomatosis","No","No","No"
"588","inflammatory myofibroblastic tumour","No","No","No"
"589","lymphangiomatosis","No","No","No"
"590","pulmonary vein sarcoma","No","No","No"
"591","pulmonary artery sarcoma","No","No","No"
"592","synovial sarcoma","No","No","No"
"593","miscellaneous tumours","No","No","No"
"594","hamartoma","No","No","No"
"595","sclerosing haemangioma","No","No","No"
"596","clear cell tumour","No","No","No"
"597","teratoma","No","No","No"
"598","intrapulmonary thymoma","No","No","No"
"599","melanoma","No","No","No"
"600","metastases to the lung","No","No","No"
"601","tumours of the pleura","No","No","No"
"602","mesothelioma","No","No","No"
"603","epithelioid mesothelioma","No","No","No"
"604","sarcomatoid mesothelioma","No","No","No"
"605","desmoplastic mesothelioma","No","No","No"
"606","biphasic mesothelioma","No","No","No"
"607","well differentiated papillary mesothelioma","No","No","No"
"608","localized malignant mesothelioma","No","No","No"
"609","adenomatoid tumour","No","No","No"
"610","lymphomas","No","No","No"
"611","primary effusion lymphoma","No","No","No"
"612","pyothorax-associated lymphoma","No","No","No"
"613","mesenchymal tumours","No","No","No"
"614","synovial sarcoma","No","No","No"
"615","solitary fibrous tumour","No","No","No"
"616","calcifying tumour","No","No","No"
"617","desmoplastic small round cell tumour","No","No","No"
"618","tumours of the thymus","No","No","No"
"619","thymomas","No","No","No"
"620","type a","No","No","No"
"621","type ab","No","No","No"
"622","type b1","No","No","No"
"623","type b2","No","No","No"
"624","type b3","No","No","No"
"625","micronodular thymoma","No","No","No"
"626","metaplastic thymoma","No","No","No"
"627","microscopic thymoma","No","No","No"
"628","sclerosing thymoma","No","No","No"
"629","lipofibroadenoma","No","No","No"
"630","thymic carcinomas","No","No","No"
"631","squamous cell carcinoma","No","No","No"
"632","basaloid carcinoma","No","No","No"
"633","mucoepidermoid carcinoma","No","No","No"
"634","lymphoepithelioma-like carcinoma","No","No","No"
"635","sarcomatoid carcinoma","No","No","No"
"636","clear cell carcinoma","No","No","No"
"637","papillary adenocarcinoma","No","No","No"
"638","non-papillary adenocarcinoma","No","No","No"
"639","carcinoma with t(15;19) translocation","No","No","No"
"640","undifferentiated carcinoma","No","No","No"
"641","thymic neuroendocrine tumours","No","No","No"
"642","typical carcinoid","No","No","No"
"643","atypical carcinoid","No","No","No"
"644","large cell neuroendocrine carcinoma","No","No","No"
"645","small cell neuroendocrine carcinoma","No","No","No"
"646","combined thymic epithelial tumours","No","No","No"
"647","germ cell tumours of the mediastinum","No","No","No"
"648","seminoma","No","No","No"
"649","embryonal carcinoma","No","No","No"
"650","yolk sac tumour","No","No","No"
"651","choriocarcinoma","No","No","No"
"652","teratoma","No","No","No"
"653","mixed germ cell tumours","No","No","No"
"654","gct with somatic type malignancy","No","No","No"
"655","gct with haematologic malignancies","No","No","No"
"656","lymphomas of the mediastinum","No","No","No"
"657","primary large b-cell lymphoma","No","No","No"
"658","thymic malt lymphoma","No","No","No"
"659","anaplastic large t-cell lymphoma","No","No","No"
"660","hodgkin lymphoma","No","No","No"
"661","histiocytic tumours","No","No","No"
"662","dendritic cell tumours","No","No","No"
"663","soft tissue tumours of the mediastinum","No","No","No"
"664","thymolipoma","No","No","No"
"665","mediastinal lipoma","No","No","No"
"666","liposarcoma","No","No","No"
"667","solitary fibrous tumour","No","No","No"
"668","rhabdomyosarcoma","No","No","No"
"669","synovial sarcoma","No","No","No"
"670","vascular neoplasms","No","No","No"
"671","leiomyomatous tumours","No","No","No"
"672","neurogenic tumours","No","No","No"
"673","ectopic thyroid tumours","No","No","No"
"674","ectopic parathyroid tumours","No","No","No"
"675","metastases to the mediastinum","No","No","No"
"676","tumours of the heart","No","No","No"
"677","benign tumours with myocyte differentiation","No","No","No"
"678","rhabdomyoma","No","No","No"
"679","histioid cardiomyopathy","No","No","No"
"680","hamartoma of mature cardiac myocytes","No","No","No"
"681","adult cellular rhabdomyoma","No","No","No"
"682","benign tumours of pluripotent mesenchyme","No","No","No"
"683","cardiac myxoma","No","No","No"
"684","papillary fibroelastoma","No","No","No"
"685","haemangioma","No","No","No"
"686","benign tumours with myofibroblastic differentiation","No","No","No"
"687","cardiac fibroma","No","No","No"
"688","inflammatory myofibroblastic tumour","No","No","No"
"689","cardiac lipoma","No","No","No"
"690","cystic tumour of atrioventricular node","No","No","No"
"691","cardiac sarcomas","No","No","No"
"692","angiosarcoma","No","No","No"
"693","epithelioid haemangioendothelioma","No","No","No"
"694","rhabdomyosarcoma","No","No","No"
"695","leiomyosarcoma","No","No","No"
"696","synovial sarcoma","No","No","No"
"697","cardiac lymphomas","No","No","No"
"698","metastatic tumours to the heart","No","No","No"
"699","pericardial tumours","No","No","No"
"700","solitary fibrous tumour","No","No","No"
"701","malignant mesothelioma","No","No","No"
"702","germ cell tumours","No","No","No"
"703","metastatic pericardial tumours","No","No","No"
"704","tumours of the breast","No","No","No"
"705","invasive breast carcinoma","No","No","No"
"706","invasive lobular carcinoma","No","No","No"
"707","tubular carcinoma","No","No","No"
"708","cribriform carcinoma","No","No","No"
"709","medullary carcinoma","No","No","No"
"710","mucin producing carcinomas","No","No","No"
"711","neuroendocrine tumours","No","No","No"
"712","invasive papillary carcinoma","No","No","No"
"713","invasive micropapillary carcinoma","No","No","No"
"714","apocrine carcinoma","No","No","No"
"715","metaplastic carcinomas","No","No","No"
"716","lipid-rich carcinoma","No","No","No"
"717","secretory carcinoma","No","No","No"
"718","oncocytic carcinoma","No","No","No"
"719","adenoid cystic carcinoma","No","No","No"
"720","acinic cell carcinoma","No","No","No"
"721","glycogen-rich clear cell carcinoma","No","No","No"
"722","sebaceous carcinoma","No","No","No"
"723","inflammatory carcinoma","No","No","No"
"724","bilateral breast carcinoma","No","No","No"
"725","precursor lesions","No","No","No"
"726","lobular neoplasia","No","No","No"
"727","intraductal proliferative lesions","No","No","No"
"728","intraductal papillary neoplasms","No","No","No"
"729","benign epithelial lesions","No","No","No"
"730","myoepithelial lesions","No","No","No"
"731","mesenchymal tumours","No","No","No"
"732","fibroepithelial tumours","No","No","No"
"733","tumours of the nipple","No","No","No"
"734","tumours of the male breast","No","No","No"
"735","surface epithelial-stromal tumours","No","No","No"
"736","serous tumours","No","No","No"
"737","mucinous tumours","No","No","No"
"738","endometrioid tumours","No","No","No"
"739","clear cell tumours","No","No","No"
"740","transitional cell tumours","No","No","No"
"741","squamous cell lesions","No","No","No"
"742","mixed epithelial tumours","No","No","No"
"743","undifferentiated carcinomas","No","No","No"
"744","sex cord-stromal tumours","No","No","No"
"745","granulosa-stromal cell tumours","No","No","No"
"746","sertoli-stromal cell tumours","No","No","No"
"747","mixed sex cord-stromal tumours","No","No","No"
"748","steroid cell tumours","No","No","No"
"749","germ cell tumours","No","No","No"
"750","primitive germ cell tumours","No","No","No"
"751","biphasic or triphasic teratomas","No","No","No"
"752","monodermal teratomas","No","No","No"
"753","mixed germ cell-sex cord-stromal tumours","No","No","No"
"754","secondary tumours of the ovary","No","No","No"
"755","peritoneal tumours","No","No","No"
"756","tumours of the fallopian tube","No","No","No"
"757","tumours of the uterine ligaments","No","No","No"
"758","tumours of the uterine corpus","No","No","No"
"759","endometrial carcinoma","No","No","No"
"760","endometrial hyperplasia","No","No","No"
"761","endometrial polyp","No","No","No"
"762","smooth muscle tumours","No","No","No"
"763","other mesenchymal tumours","No","No","No"
"764","gestational trophoblastic disease","No","No","No"
"765","secondary tumours of the uterine corpus","No","No","No"
"766","tumours of the uterine cervix","No","No","No"
"767","epithelial tumours","No","No","No"
"768","mesenchymal tumours","No","No","No"
"769","tumours of the vagina","No","No","No"
"770","epithelial tumours","No","No","No"
"771","squamous tumours","No","No","No"
"772","tumours of skin appendage origin","No","No","No"
"773","mesenchymal tumours","No","No","No"
"774","tumours of the vulva","No","No","No"
"775","epithelial tumours","No","No","No"
"776","squamous tumours","No","No","No"
"777","mesenchymal tumours","No","No","No"
"778","melanocytic tumours","No","No","No"
"779","inherited tumour syndromes","No","No","No"
"780","brca1 syndrome","No","No","No"
"781","brca2 syndrome","No","No","No"
"782","li-fraumeni syndrome","No","No","No"
"783","cowden syndrome","No","No","No"
"784","hereditary non-polyposis colon cancer (hnpcc)","No","No","No"
"785","ataxia telangiectasia syndrome","No","No","No"
"786","epithelial tumours","No","No","No"
"787","mixed type carcinoma","No","No","No"
"788","pleomorphic carcinoma","No","No","No"
"789","carcinoma with osteoclastic giant cells","No","No","No"
"790","carcinoma with choriocarcinomatous features","No","No","No"
"791","carcinoma with melanotic features","No","No","No"
"792","invasive lobular carcinoma","No","No","No"
"793","tubular carcinoma","No","No","No"
"794","invasive cribriform carcinoma","No","No","No"
"795","medullary carcinoma","No","No","No"
"796","mucinous carcinoma","No","No","No"
"797","signet ring cell carcinoma","No","No","No"
"798","neuroendocrine tumours","No","No","No"
"799","solid neuroendocrine carcinoma","No","No","No"
"800","atypical carcinoid tumour","No","No","No"
"801","large cell neuroendocrine carcinoma","No","No","No"
"802","invasive papillary carcinoma","No","No","No"
"803","invasive micropapillary carcinoma","No","No","No"
"804","apocrine carcinoma","No","No","No"
"805","metaplastic carcinomas","No","No","No"
"806","pure epithelial metaplastic carcinomas","No","No","No"
"807","squamous cell carcinoma","No","No","No"
"808","adenocarcinoma with spindle cell metaplasia","No","No","No"
"809","adenosquamous carcinoma","No","No","No"
"810","mucoepidermoid carcinoma","No","No","No"
"811","lipid-rich carcinoma","No","No","No"
"812","secretory carcinoma","No","No","No"
"813","oncocytic carcinoma","No","No","No"
"814","adenoid cystic carcinoma","No","No","No"
"815","acinic cell carcinoma","No","No","No"
"816","glycogen-rich clear cell carcinoma","No","No","No"
"817","sebaceous carcinoma","No","No","No"
"818","inflammatory carcinoma","No","No","No"
"819","lobular neoplasia","No","No","No"
"820","lobular carcinoma in situ","No","No","No"
"821","intraductal proliferative lesions","No","No","No"
"822","usual ductal hyperplasia","No","No","No"
"823","flat epithelial atypia","No","No","No"
"824","atypical ductal hyperplasia","No","No","No"
"825","ductal carcinoma in situ","No","No","No"
"826","microinvasive carcinoma","No","No","No"
"827","intraductal papillary neoplasms","No","No","No"
"828","intraductal papilloma","No","No","No"
"829","peripheral papilloma","No","No","No"
"830","atypical papilloma","No","No","No"
"831","intraductal papillary carcinoma","No","No","No"
"832","encapsulated papillary carcinoma","No","No","No"
"833","benign epithelial lesions","No","No","No"
"834","adenosis including variants","No","No","No"
"835","sclerosing adenosis","No","No","No"
"836","apocrine adenosis","No","No","No"
"837","duct adenosis","No","No","No"
"838","adenomyoepithelial adenosis","No","No","No"
"839","adenomas","No","No","No"
"840","tubular adenoma","No","No","No"
"841","lactating adenoma","No","No","No"
"842","apocrine adenoma","No","No","No"
"843","pleomorphic adenoma","No","No","No"
"844","ductal adenoma","No","No","No"
"845","myoepithelial lesions","No","No","No"
"846","myoepitheliosis","No","No","No"
"847","adenomyoepithelial adenomatosis","No","No","No"
"848","adenomyoepithelioma","No","No","No"
"849","malignant myoepithelioma","No","No","No"
"850","mesenchymal tumours","No","No","No"
"851","haemangioma","No","No","No"
"852","angiomatosis","No","No","No"
"853","haemangiopericytoma","No","No","No"
"854","pseudoangiomatous stromal hyperplasia","No","No","No"
"855","myofibroblastoma","No","No","No"
"856","fibromatosis (aggressive)","No","No","No"
"857","inflammatory myofibroblastic tumour","No","No","No"
"858","lipoma","No","No","No"
"859","angiolipoma","No","No","No"
"860","granular cell tumour","No","No","No"
"861","neurofibroma","No","No","No"
"862","schwannoma","No","No","No"
"863","angiosarcoma","No","No","No"
"864","liposarcoma","No","No","No"
"865","rhabdomyosarcoma","No","No","No"
"866","osteosarcoma","No","No","No"
"867","leiomyoma","No","No","No"
"868","leiomyosarcoma","No","No","No"
"869","fibroepithelial tumours","No","No","No"
"870","fibroadenoma","No","No","No"
"871","phyllodes tumour","No","No","No"
"872","benign","No","No","No"
"873","borderline","No","No","No"
"874","malignant","No","No","No"
"875","mammary hamartoma","No","No","No"
"876","tumours of the nipple","No","No","No"
"877","nipple adenoma","No","No","No"
"878","syringomatous adenoma","No","No","No"
"879","paget disease of the nipple","No","No","No"
"880","malignant lymphoma","No","No","No"
"881","diffuse large b-cell lymphoma","No","No","No"
"882","burkitt lymphoma","No","No","No"
"883","extranodal marginal-zone b-cell lymphoma of malt type","No","No","No"
"884","follicular lymphoma","No","No","No"
"885","metastatic tumours","No","No","No"
"886","tumours of the male breast","No","No","No"
"887","gynaecomastia","No","No","No"
"888","carcinoma","No","No","No"
"889","invasive","No","No","No"
"890","in situ","No","No","No"
"891","soft tissue tumours","No","No","No"
"892","adipocytic tumours","No","No","No"
"893","lipoma","No","No","No"
"894","lipomatosis","No","No","No"
"895","lipomatosis of nerve","No","No","No"
"896","angiolipoma","No","No","No"
"897","myolipoma of soft tissue","No","No","No"
"898","chondroid lipoma","No","No","No"
"899","hibernoma","No","No","No"
"900","dedifferentiated liposarcoma","No","No","No"
"901","myxoid liposarcoma","No","No","No"
"902","pleomorphic liposarcoma","No","No","No"
"903","mixed-type liposarcoma","No","No","No"
"904","nodular fasciitis","No","No","No"
"905","ischaemic fasciitis","No","No","No"
"906","elastofibroma","No","No","No"
"907","fibrous hamartoma of infancy","No","No","No"
"908","fibromatosis coli","No","No","No"
"909","juvenile hyaline fibromatosis","No","No","No"
"910","inclusion body fibromatosis","No","No","No"
"911","fibroma of tendon sheath","No","No","No"
"912","desmoplastic fibroblastoma","No","No","No"
"913","mammary-type myofibroblastoma","No","No","No"
"914","calcifying aponeurotic fibroma","No","No","No"
"915","angiomyofibroblastoma","No","No","No"
"916","cellular angiofibroma","No","No","No"
"917","nuchal-type fibroma","No","No","No"
"918","gardner fibroma","No","No","No"
"919","calcifying fibrous tumour","No","No","No"
"920","giant cell angiofibroma","No","No","No"
"921","superficial fibromatoses","No","No","No"
"922","desmoid-type fibromatoses","No","No","No"
"923","lipofibromatosis","No","No","No"
"924","inflammatory myofibroblastic tumour","No","No","No"
"925","low grade myofibroblastic sarcoma","No","No","No"
"926","myxoinflammatory fibroblastic sarcoma","No","No","No"
"927","infantile fibrosarcoma","No","No","No"
"928","adult fibrosarcoma","No","No","No"
"929","myxofibrosarcoma","No","No","No"
"930","low grade fibromyxoid sarcoma","No","No","No"
"931","sclerosing epithelioid fibrosarcoma","No","No","No"
"932","so-called fibrohistiocytic tumours","No","No","No"
"933","giant cell tumour of tendon sheath","No","No","No"
"934","diffuse-type giant cell tumour","No","No","No"
"935","deep benign fibrous histiocytoma","No","No","No"
"936","plexiform fibrohistiocytic tumour","No","No","No"
"937","giant cell tumour of soft tissue","No","No","No"
"938","smooth muscle tumours","No","No","No"
"939","angioleiomyoma","No","No","No"
"940","leiomyoma of deep soft tissue","No","No","No"
"941","leiomyosarcoma","No","No","No"
"942","pericytic (perivascular) tumours","No","No","No"
"943","glomus tumours","No","No","No"
"944","myopericytoma","No","No","No"
"945","skeletal muscle tumours","No","No","No"
"946","rhabdomyoma","No","No","No"
"947","embryonal rhabdomyosarcoma","No","No","No"
"948","alveolar rhabdomyosarcoma","No","No","No"
"949","pleomorphic rhabdomyosarcoma","No","No","No"
"950","vascular tumours","No","No","No"
"951","haemangiomas","No","No","No"
"952","epithelioid haemangioma","No","No","No"
"953","angiomatosis","No","No","No"
"954","lymphangioma","No","No","No"
"955","kaposiform haemangioendothelioma","No","No","No"
"956","retiform haemangioendothelioma","No","No","No"
"957","papillary intralymphatic angioendothelioma","No","No","No"
"958","composite haemangioendothelioma","No","No","No"
"959","kaposi sarcoma","No","No","No"
"960","other intermediate vascular neoplasms","No","No","No"
"961","epithelioid haemangioendothelioma","No","No","No"
"962","angiosarcoma of soft tissue","No","No","No"
"963","chondro-osseous tumours","No","No","No"
"964","soft tissue chondroma","No","No","No"
"965","extraskeletal osteosarcoma","No","No","No"
"966","tumours of uncertain differentiation","No","No","No"
"967","intramuscular myxoma","No","No","No"
"968","juxta-articular myxoma","No","No","No"
"969","deep 'aggressive' angiomyxoma","No","No","No"
"970","pleomorphic hyalinizing angiectatic tumour of soft parts","No","No","No"
"971","ectopic hamartomatous thymoma","No","No","No"
"972","angiomatoid fibrous histiocytoma","No","No","No"
"973","ossifying fibromyxoid tumour","No","No","No"
"974","synovial sarcoma","No","No","No"
"975","epithelioid sarcoma","No","No","No"
"976","alveolar soft part sarcoma","No","No","No"
"977","clear cell sarcoma of soft tissue","No","No","No"
"978","extraskeletal myxoid chondrosarcoma","No","No","No"
"979","malignant mesenchymoma","No","No","No"
"980","desmoplastic small round cell tumour","No","No","No"
"981","extraskeletal rhabdoid tumour","No","No","No"
"982","neoplasms with perivascular epithelioid cell differentiation (pecomas)","No","No","No"
"983","intimal sarcoma","No","No","No"
"984","bone tumours","No","No","No"
"985","cartilage tumours","No","No","No"
"986","osteochondroma","No","No","No"
"987","chondromas","No","No","No"
"988","chondroblastoma","No","No","No"
"989","chondromyxoid fibroma","No","No","No"
"990","synovial chondromatosis","No","No","No"
"991","chondrosarcoma","No","No","No"
"992","dedifferentiated chondrosarcoma","No","No","No"
"993","mesenchymal chondrosarcoma","No","No","No"
"994","clear cell chondrosarcoma","No","No","No"
"995","osteogenic tumours","No","No","No"
"996","osteoid osteoma","No","No","No"
"997","osteoblastoma","No","No","No"
"998","conventional osteosarcoma","No","No","No"
"999","telangiectatic osteosarcoma","No","No","No"
"1000","small cell osteosarcoma","No","No","No"
"1001","low grade central osteosarcoma","No","No","No"
"1002","secondary osteosarcoma","No","No","No"
"1003","parosteal osteosarcoma","No","No","No"
"1004","periosteal osteosarcoma","No","No","No"
"1005","high grade surface osteosarcoma","No","No","No"
"1006","fibrogenic tumours","No","No","No"
"1007","desmoplastic fibroma of bone","No","No","No"
"1008","fibrosarcoma of bone","No","No","No"
"1009","fibrohistiocytic tumours","No","No","No"
"1010","benign fibrous histiocytoma of bone","No","No","No"
"1011","malignant fibrous histiocytoma of bone","No","No","No"
"1012","haematopoietic tumours","No","No","No"
"1013","plasma cell myeloma","No","No","No"
"1014","malignant lymphoma","No","No","No"
"1015","giant cell tumours","No","No","No"
"1016","giant cell tumour","No","No","No"
"1017","malignancy in giant cell tumour","No","No","No"
"1018","notochordal tumours","No","No","No"
"1019","chordoma","No","No","No"
"1020","vascular tumours","No","No","No"
"1021","angiosarcoma","No","No","No"
"1022","leiomyoma of bone","No","No","No"
"1023","leiomyosarcoma of bone","No","No","No"
"1024","lipoma of bone","No","No","No"
"1025","liposarcoma of bone","No","No","No"
"1026","schwannoma","No","No","No"
"1027","adamantinoma","No","No","No"
"1028","metastases involving bone","No","No","No"
"1029","tumours of undefined neoplastic nature","No","No","No"
"1030","aneurysmal bone cyst","No","No","No"
"1031","simple bone cyst","No","No","No"
"1032","fibrous dysplasia","No","No","No"
"1033","osteofibrous dysplasia","No","No","No"
"1034","langerhans cell histiocytosis","No","No","No"
"1035","erdheim-chester disease","No","No","No"
"1036","chest wall hamartoma","No","No","No"
"1037","familial adenomatous polyposis","No","No","No"
"1038","beckwith-wiedemann syndrome","No","No","No"
"1039","mccune-albright syndrome","No","No","No"
"1040","multiple osteochondromas","No","No","No"
"1041","retinoblastoma syndrome","No","No","No"
"1042","rothmund-thomson syndrome","No","No","No"
"1043","werner syndrome","No","No","No"
"1044","chronic myeloproliferative diseases","No","No","No"
"1045","chronic myelogenous leukaemia","No","No","No"
"1046","chronic neutrophilic leukaemia","No","No","No"
"1047","polycythaemia vera","No","No","No"
"1048","chronic idiopathic myelofibrosis","No","No","No"
"1049","essential thrombocythaemia","No","No","No"
"1050","chronic myelomonocytic leukaemia","No","No","No"
"1051","atypical chronic myeloid leukaemia","No","No","No"
"1052","juvenile myelomonocytic leukaemia","No","No","No"
"1053","myelodysplastic syndromes","No","No","No"
"1054","refractory anaemia","No","No","No"
"1055","refractory anaemia with ringed sideroblasts","No","No","No"
"1056","refractory cytopenia with multilineage dysplasia","No","No","No"
"1057","refractory anaemia with excess blasts","No","No","No"
"1058","myelodysplastic syndrome associated with isolated del(5q) chromosome abnormality","No","No","No"
"1059","acute myeloid leukaemia","No","No","No"
"1060","acute myeloid leukaemia with recurrent cytogenetic abnormalities","No","No","No"
"1061","aml with 11q23 (mll) abnormalities","No","No","No"
"1062","acute myeloid leukaemia with multilineage dysplasia","No","No","No"
"1063","alkylating agent related","No","No","No"
"1064","topoisomerase ii inhibitor-related","No","No","No"
"1065","acute myeloid leukaemia not otherwise categorised","No","No","No"
"1066","aml without maturation","No","No","No"
"1067","aml with maturation","No","No","No"
"1068","acute myelomonocytic leukaemia","No","No","No"
"1069","acute erythroid leukaemia","No","No","No"
"1070","acute megakaryoblastic leukaemia","No","No","No"
"1071","acute basophilic leukaemia","No","No","No"
"1072","acute panmyelosis with myelofibrosis","No","No","No"
"1073","myeloid sarcoma","No","No","No"
"1074","acute leukaemias of ambiguous lineage","No","No","No"
"1075","mature b-cell neoplasms","No","No","No"
"1076","b-cell prolymphocytic leukaemia","No","No","No"
"1077","splenic marginal zone lymphoma","No","No","No"
"1078","hairy cell leukaemia","No","No","No"
"1079","plasma cell neoplasms","No","No","No"
"1080","plasma cell myeloma","No","No","No"
"1081","plasmacytoma","No","No","No"
"1082","monoclonal immunoglobulin deposition diseases","No","No","No"
"1083","heavy chain diseases","No","No","No"
"1084","extranodal marginal zone b-cell lymphoma (malt lymphoma)","No","No","No"
"1085","nodal marginal zone b-cell lymphoma","No","No","No"
"1086","follicular lymphoma","No","No","No"
"1087","mantle cell lymphoma","No","No","No"
"1088","diffuse large b-cell lymphoma","No","No","No"
"1089","mediastinal (thymic) large b-cell lymphoma","No","No","No"
"1090","intravascular large b-cell lymphoma","No","No","No"
"1091","primary effusion lymphoma","No","No","No"
"1092","lymphomatoid granulomatosis","No","No","No"
"1093","t-cell prolymphocytic leukaemia","No","No","No"
"1094","t-cell large granular lymphocytic leukaemia","No","No","No"
"1095","aggressive nk-cell leukaemia","No","No","No"
"1096","enteropathy-type t-cell lymphoma","No","No","No"
"1097","hepatosplenic t-cell lymphoma","No","No","No"
"1098","subcutaneous panniculitis-like t-cell lymphoma","No","No","No"
"1099","blastic nk-cell lymphoma","No","No","No"
"1100","primary cutaneous cd-30 positive t-cell lymphoproliferative disorders","No","No","No"
"1101","primary cutaneous anaplastic large cell lymphoma (c-alcl)","No","No","No"
"1102","lymphomatoid papulosis","No","No","No"
"1103","angioimmunoblastic t-cell lymphoma","No","No","No"
"1104","anaplastic large cell lymphoma","No","No","No"
"1105","hodgkin lymphoma","No","No","No"
"1106","nodular lymphocyte predominant hodgkin lymphoma","No","No","No"
"1107","classical hodgkin lymphoma","No","No","No"
"1108","nodular sclerosis hodgkin lymphoma","No","No","No"
"1109","mixed cellularity hodgkin lymphoma","No","No","No"
"1110","lymphocyte-rich classical hodgkin lymphoma","No","No","No"
"1111","lymphocyte depleted hodgkin lymphoma","No","No","No"
"1112","immunodeficiency associated lymphoproliferative disorders","No","No","No"
"1113","lymphoproliferative diseases associated with primary immune disorders","No","No","No"
"1114","human immunodeficiency virus-related lymphomas","No","No","No"
"1115","post-transplant lymphoproliferative disorders","No","No","No"
"1116","methotrexate-associated lymphoproliferative disorders","No","No","No"
"1117","histiocytic sarcoma","No","No","No"
"1118","langerhans cell histiocytosis","No","No","No"
"1119","langerhans cell sarcoma","No","No","No"
"1120","mastocytosis","No","No","No"
"1121","mastocytosis","No","No","No"
"1122","cutaneous mastocytosis","No","No","No"
"1123","systemic mastocytosis","No","No","No"
"1124","mast cell sarcoma","No","No","No"
"1125","extracutaneous mastocytoma","No","No","No"
"1126","tumors of neuroepithelial tissue","No","No","No"
"1127","astrocytic tumors","No","No","No"
"1128","diffuse astrocytoma","No","No","No"
"1129","fibrillary astrocytoma","No","No","No"
"1130","protoplasmic astrocytoma","No","No","No"
"1131","gemistocytic astrocytoma","No","No","No"
"1132","anaplastic astrocytoma","No","No","No"
"1133","glioblastoma","No","No","No"
"1134","giant cell glioblastoma","No","No","No"
"1135","gliosarcoma","No","No","No"
"1136","pilocytic astrocytoma","No","No","No"
"1137","pleomorphic xanthoastrocytoma","No","No","No"
"1138","subependymal giant cell astrocytoma","No","No","No"
"1139","oligodendroglial tumors","No","No","No"
"1140","oligodendroglioma","No","No","No"
"1141","anaplastic oligodendroglioma","No","No","No"
"1142","mixed gliomas","No","No","No"
"1143","oligoastrocytoma","No","No","No"
"1144","anaplastic oligoastrocytoma","No","No","No"
"1145","ependymal tumors","No","No","No"
"1146","ependymoma","No","No","No"
"1147","cellular","No","No","No"
"1148","papillary","No","No","No"
"1149","clear cell","No","No","No"
"1150","tanycytic","No","No","No"
"1151","anaplastic ependymoma","No","No","No"
"1152","myxopapillary ependymoma","No","No","No"
"1153","subependymoma","No","No","No"
"1154","choroid plexus tumors","No","No","No"
"1155","choroid plexus papilloma","No","No","No"
"1156","choroid plexus carcinoma","No","No","No"
"1157","glial tumors of uncertain origin","No","No","No"
"1158","astroblastoma","No","No","No"
"1159","gliomatosis cerebri","No","No","No"
"1160","chordoid glioma of the 3rd ventricle","No","No","No"
"1161","gangliocytoma","No","No","No"
"1162","dysplastic gangliocytoma of cerebellum (lhermitte-duclos)","No","No","No"
"1163","dysembryoplastic neuroepithelial tumor","No","No","No"
"1164","ganglioglioma","No","No","No"
"1165","anaplastic ganglioglioma","No","No","No"
"1166","central neurocytoma","No","No","No"
"1167","cerebellar liponeurocytoma","No","No","No"
"1168","paraganglioma of the filum terminale","No","No","No"
"1169","neuroblastic tumors","No","No","No"
"1170","olfactory neuroblastoma (aesthesioneuroblastoma)","No","No","No"
"1171","olfactory neuroepithelioma","No","No","No"
"1172","pineal parenchymal tumors","No","No","No"
"1173","pineocytoma","No","No","No"
"1174","pineoblastoma","No","No","No"
"1175","pineal parenchymal tumor of intermediate differentiation","No","No","No"
"1176","embryonal tumors","No","No","No"
"1177","medulloepithelioma","No","No","No"
"1178","ependymoblastoma","No","No","No"
"1179","medulloblastoma","No","No","No"
"1180","desmoplastic medulloblastoma","No","No","No"
"1181","large cell medulloblastoma","No","No","No"
"1182","medullomyoblastoma","No","No","No"
"1183","melanotic medulloblastoma","No","No","No"
"1184","supratentorial primitive neuroectodermal tumor (pnet)","No","No","No"
"1185","neuroblastoma","No","No","No"
"1186","ganglioneuroblastoma","No","No","No"
"1187","tumors of peripheral nerves","No","No","No"
"1188","cellular","No","No","No"
"1189","plexiform","No","No","No"
"1190","melanotic","No","No","No"
"1191","neurofibroma","No","No","No"
"1192","plexiform","No","No","No"
"1193","perineurioma","No","No","No"
"1194","intraneural perineurioma","No","No","No"
"1195","soft tissue perineurioma","No","No","No"
"1196","malignant peripheral nerve sheath tumor (mpnst)","No","No","No"
"1197","epithelioid","No","No","No"
"1198","melanotic","No","No","No"
"1199","melanotic psammomatous","No","No","No"
"1200","tumors of the meninges","No","No","No"
"1201","tumors of meningothelial cells","No","No","No"
"1202","meningioma","No","No","No"
"1203","meningothelial","No","No","No"
"1204","fibrous (fibroblastic)","No","No","No"
"1205","transitional (mixed)","No","No","No"
"1206","psammomatous","No","No","No"
"1207","angiomatous","No","No","No"
"1208","microcystic","No","No","No"
"1209","secretory","No","No","No"
"1210","lymphoplasmacyte-rich","No","No","No"
"1211","metaplastic","No","No","No"
"1212","clear cell","No","No","No"
"1213","chordoid","No","No","No"
"1214","atypical","No","No","No"
"1215","papillary","No","No","No"
"1216","rhabdoid","No","No","No"
"1217","anaplastic meningioma","No","No","No"
"1218","lipoma","No","No","No"
"1219","angiolipoma","No","No","No"
"1220","hibernoma","No","No","No"
"1221","liposarcoma (intracranial)","No","No","No"
"1222","solitary fibrous tumor","No","No","No"
"1223","fibrosarcoma","No","No","No"
"1224","malignant fibrous histiocytoma","No","No","No"
"1225","leiomyoma","No","No","No"
"1226","leiomyosarcoma","No","No","No"
"1227","rhabdomyoma","No","No","No"
"1228","rhabdomyosarcoma","No","No","No"
"1229","chondroma","No","No","No"
"1230","chondrosarcoma","No","No","No"
"1231","osteoma","No","No","No"
"1232","osteosarcoma","No","No","No"
"1233","osteochondroma","No","No","No"
"1234","hemangioma","No","No","No"
"1235","epithelioid hemangioendothelioma","No","No","No"
"1236","primary melanocytic lesions","No","No","No"
"1237","diffuse melanocytosis","No","No","No"
"1238","melanocytoma","No","No","No"
"1239","malignant melanoma","No","No","No"
"1240","meningeal melanomatosis","No","No","No"
"1241","tumors of uncertain histogenesis","No","No","No"
"1242","hemangioblastoma","No","No","No"
"1243","malignant lymphomas","No","No","No"
"1244","plasmacytoma","No","No","No"
"1245","granulocytic sarcoma","No","No","No"
"1246","germ cell tumors","No","No","No"
"1247","germinoma","No","No","No"
"1248","embryonal carcinoma","No","No","No"
"1249","yolk sac tumor","No","No","No"
"1250","choriocarcinoma","No","No","No"
"1251","teratoma","No","No","No"
"1252","mature","No","No","No"
"1253","immature","No","No","No"
"1254","teratoma with malignant transformation","No","No","No"
"1255","mixed germ cell tumors","No","No","No"
"1256","tumors of the sellar region","No","No","No"
"1257","craniopharyngioma","No","No","No"
"1258","adamantinomatous","No","No","No"
"1259","papillary","No","No","No"
"1260","granular cell tumor","No","No","No"
"1261","other tumors","No","No","No"
"1262","hemangiopericytoma","No","No","No"
"1263","angiosarcoma","No","No","No"
"1264","kaposi sarcoma","No","No","No"
"1265","tumours of the oesophagus","No","No","No"
"1266","squamous cell carcinoma","No","No","No"
"1267","adenocarcinoma","No","No","No"
"1268","endocrine tumours","No","No","No"
"1269","lymphoma","No","No","No"
"1270","mesenchymal tumours","No","No","No"
"1271","tumours of the oesophagogastric junction","No","No","No"
"1272","adenocarcinoma","No","No","No"
"1273","tumours of the stomach","No","No","No"
"1274","carcinoma","No","No","No"
"1275","endocrine tumours","No","No","No"
"1276","lymphoma","No","No","No"
"1277","mesenchymal tumours","No","No","No"
"1278","secondary tumours","No","No","No"
"1279","tumours of the small intestine","No","No","No"
"1280","carcinoma","No","No","No"
"1281","peutz-jeghers syndrome","No","No","No"
"1282","endocrine tumours","No","No","No"
"1283","b-cell lymphoma","No","No","No"
"1284","t-cell lymphoma","No","No","No"
"1285","mesenchymal tumours","No","No","No"
"1286","secondary tumours","No","No","No"
"1287","tumours of the appendix","No","No","No"
"1288","adenocarcinoma","No","No","No"
"1289","endocrine tumours","No","No","No"
"1290","miscellaneous tumours","No","No","No"
"1291","carcinoma","No","No","No"
"1292","familial adenomatous polyposis","No","No","No"
"1293","hereditary nonpolyposis colorectal cancer","No","No","No"
"1294","juvenile polyposis","No","No","No"
"1295","cowden syndrome","No","No","No"
"1296","hyperplastic polyposis","No","No","No"
"1297","endocrine tumours","No","No","No"
"1298","b-cell lymphoma","No","No","No"
"1299","mesenchymal tumours","No","No","No"
"1300","tumours of the anal canal","No","No","No"
"1301","tumours of the anal canal","No","No","No"
"1302","hepatocellular carcinoma","No","No","No"
"1303","intrahepatic cholangiocarcinoma","No","No","No"
"1304","hepatoblastoma","No","No","No"
"1305","lymphoma","No","No","No"
"1306","mesenchymal tumours","No","No","No"
"1307","secondary tumours","No","No","No"
"1308","carcinoma","No","No","No"
"1309","endocrine tumours","No","No","No"
"1310","lymphoma","No","No","No"
"1311","tumours of the exocrine pancreas","No","No","No"
"1312","ductal adenocarcinoma","No","No","No"
"1313","serous cystic neoplasms","No","No","No"
"1314","mucinous cystic neoplasms","No","No","No"
"1315","intraductal papillary-mucinous neoplasm","No","No","No"
"1316","acinar cell carcinoma","No","No","No"
"1317","pancreatoblastoma","No","No","No"
"1318","solid-pseudopapillary neoplasm","No","No","No"
"1319","miscellaneous carcinomas","No","No","No"
"1320","mesenchymal tumours","No","No","No"
"1321","lymphoma","No","No","No"
"1322","secondary tumours","No","No","No"
"1323","primary cutaneous peripheral t-cell lymphoma, unspecified","No","No","Yes"
"1324","primary cutaneous ptl, unspecified","No","No","Yes"
"1325","diffuse large b-cell lymphoma, leg-type","No","No","Yes"
"1326","diffuse large b-cell lymphoma, other","No","No","Yes"
"1327","parapsoriasis – large patch type, with or without poikiloderma","No","No","Yes"
"1328","clear cell carcinoma, n.o.s.","No","No","Yes"
"1329","adenocarcinoma, n.o.s.","No","No","Yes"
"1330","cystic, partially differentiated nephroblastoma","No","No","Yes"
"1331","invasive ductal carcinoma, nos","No","No","Yes"
"1332","invasive ductal carcinoma, not otherwise specified","No","No","Yes"
"1333","periductal stromal sarcoma, low grade","No","No","Yes"
"1334","chronic myeloproliferative disease, unclassifiable","No","No","Yes"
"1335","myelodysplastic syndrome, unclassifiable","No","No","Yes"
"1336","aml, minimally differentiated","No","No","Yes"
"1337","peripheral t-cell lymphoma, unspecified","No","No","Yes"
"1338","dendritic-cell sarcoma, not otherwise specified","No","No","Yes"
"1339","schwannoma (neurilemmoma, neurinoma)","No","No","Yes"
"1340","mesenchymal, non-meningothelial tumors","No","No","Yes"
"1341","cutaneous adult t-cell leukaemia / lymphoma","No","Yes","No"
"1342","t-cell / histiocyte-rich large b-cell lymphoma","No","Yes","No"
"1343","chronic lymphocytic leukaemia / small lymphocytic lymphoma","No","Yes","No"
"1344","primary malignant peripheral primitive neuroectodermal tumour (pnet) / extraskeletal ewing sarcoma (es)","No","Yes","No"
"1345","nerve sheath myxoma / neurothekeoma","No","Yes","No"
"1346","papilloma / papillomatosis","No","Yes","No"
"1347","odontogenic fibroma / fibroodontoma","No","Yes","No"
"1348","odontogenic myxoma / myxofibroma","No","Yes","No"
"1349","renal carcinomas associated with xp11.2 translocations / tfe3 gene fusions","No","Yes","No"
"1350","neural / neuroendocrine tumours","No","Yes","No"
"1351","paraganglioma / phaeochromocytoma","No","Yes","No"
"1352","sex cord / gonadal stromal tumours","No","Yes","No"
"1353","thecoma/fibroma tumours","No","Yes","No"
"1354","malignant sex cord / gonadal stromal tumours","No","Yes","No"
"1355","lymphoid / histiocytic tumours","No","Yes","No"
"1356","epithelioid haemangioendothelioma / angiosarcoma","No","Yes","No"
"1357","epithelioid haemangioendothelioma / angiosarcoma","No","Yes","No"
"1358","precursor t-lymphoblastic lymphoma / leukaemia","No","Yes","No"
"1359","grey zone lymphoma hodgkin / nhl","No","Yes","No"
"1360","pleomorphic malignant fibrous histiocytoma / undifferentiated pleomorphic sarcoma","No","Yes","No"
"1361","small cell / oat cell carcinoma","No","Yes","No"
"1362","mixed epithelial/mesenchymal metaplastic carcinomas","No","Yes","No"
"1363","radial scar / complex sclerosing lesion","No","Yes","No"
"1364","lipoblastoma / lipoblastomatosis","No","Yes","No"
"1365","spindle cell lipoma / pleomorphic lipoma","No","Yes","No"
"1366","atypical lipomatous tumour / well differentiated liposarcoma","No","Yes","No"
"1367","fibroblastic / myofibroblastic tumours","No","Yes","No"
"1368","myofibroma / myofibromatosis","No","Yes","No"
"1369","pleomorphic malignant fibrous histiocytoma / undifferentiated high grade pleomorphic sarcoma","No","Yes","No"
"1370","giant cell malignant fibrous histiocytoma / undifferentiated pleomorphic sarcoma with giant cells","No","Yes","No"
"1371","inflammatory malignant fibrous histiocytoma / undifferentiated pleomorphic sarcoma with prominent inflammation","No","Yes","No"
"1372","mixed tumour / myoepithelioma / parachordoma","No","Yes","No"
"1373","ewing sarcoma / primitive neuroectodermal tumour","No","Yes","No"
"1374","ewing tumour / pnet","No","Yes","No"
"1375","chronic eosinophilic leukaemia / hypereosinophilic syndrome","No","Yes","No"
"1376","myelodysplastic / myeloproliferative diseases","No","Yes","No"
"1377","precursor b-lymphoblastic leukaemia/lymphoma","No","Yes","No"
"1378","precursor t-lymphoblastic leukaemia/lymphoma","No","Yes","No"
"1379","chronic lymphocytic leukaemia / small lymphocytic lymphoma","No","Yes","No"
"1380","lymphoplasmacytic lymphoma / waldenström macroglobulinaemia","No","Yes","No"
"1381","burkitt lymphoma / leukaemia","No","Yes","No"
"1382","adult t-cell leukaemia / lymphoma","No","Yes","No"
"1383","mycosis fungoides / sézary syndrome","No","Yes","No"
"1384","interdigitating dendritic cell sarcoma/tumour","No","Yes","No"
"1385","follicular dendritic cell sarcoma/tumour","No","Yes","No"
"1386","desmoplastic infantile astrocytoma/ganglioglioma","No","Yes","No"
"1387","atypical teratoid/rhabdoid tumor","No","Yes","No"
"1388","extranodal nk/t-cell lymphoma, nasal-type","No","Yes","Yes"
"1389","myelodysplastic / myeloproliferative diseases, unclassifiable","No","Yes","Yes"
"1390","aml with t(8;21)(q22;q22), (aml1/eto)","No","Yes","Yes"
"1391","aml with inv(16)(p13q22) or t(16;16)(p13;q22), (cbfβ/myh11)","No","Yes","Yes"
"1392","extranodal nk/t-cell lymphoma, nasal type","No","Yes","Yes"
"1393","desmoplastic melanoma and desmoplastic neurotropic melanoma","Yes","No","No"
"1394","persistent melanoma and local metastasis of melanoma","Yes","No","No"
"1395","naevus of ito and naevus of ota","Yes","No","No"
"1396","site specific and meyerson naevus","Yes","No","No"
"1397","malignant tumours with apocrine and eccrine differentiation","Yes","No","No"
"1398","paget disease and extramammary paget disease","Yes","No","No"
"1399","benign tumours with apocrine and eccrine differentiation","Yes","No","No"
"1400","tubular and tubular papillary adenoma","Yes","No","No"
"1401","smooth and skeletal muscle tumours","Yes","No","No"
"1402","tumours of the nasal cavity and paranasal sinuses","Yes","No","No"
"1403","salivary gland-type carcinomas","Yes","No","No"
"1404","salivary gland-type adenomas","Yes","No","No"
"1405","borderline and lmp tumours","Yes","No","No"
"1406","tumours of bone and cartilage","Yes","No","No"
"1407","salivary gland-type carcinomas","Yes","No","No"
"1408","tumours of bone and cartilage","Yes","No","No"
"1409","malignant salivary gland-type tumours","Yes","No","No"
"1410","benign salivary gland-type tumours","Yes","No","No"
"1411","tumours of bone and cartilage","Yes","No","No"
"1412","tumours of the oral cavity and oropharynx","Yes","No","No"
"1413","salivary gland tumours","Yes","No","No"
"1414","tumours of the salivary glands","Yes","No","No"
"1415","tumours of ceruminous glands","Yes","No","No"
"1416","osteoma and exostosis","Yes","No","No"
"1417","cholesterol granuloma and cholesteatoma","Yes","No","No"
"1418","nephrogenic rests and nephroblastomatosis","Yes","No","No"
"1419","mixed epithelial and stromal tumour","Yes","No","No"
"1420","glandular neoplasms","Yes","No","No"
"1421","metastatic tumours and secondary extension","Yes","No","No"
"1422","tumours of the renal pelvis and ureter","Yes","No","No"
"1423","tumours of the testis and paratesticular tissue","Yes","No","No"
"1424","lymphoma and plasmacytoma and paratesticular tissues","Yes","No","No"
"1425","tumours of collecting ducts and rete","Yes","No","No"
"1426","tumors of the thyroid and parathyroid","Yes","No","No"
"1427","mixed medullary and follicular cell carcinoma","Yes","No","No"
"1428","primary lymphoma and plasmacytoma","Yes","No","No"
"1429","tumors of the adrenal gland","Yes","No","No"
"1430","acth and other ectopic hormone producing tumours","Yes","No","No"
"1431","salivary gland tumours","Yes","No","No"
"1432","squamous dysplasia and carcinoma in situ","Yes","No","No"
"1433","glandular papilloma","Yes","No","No"
"1434","adenomas of salivary gland type","Yes","No","No"
"1435","mucous gland adenoma","Yes","No","No"
"1436","myeloid sarcoma and extramedullary aml","Yes","No","No"
"1437","fibrosarcoma and myxosarcoma","Yes","No","No"
"1438","malignant lymphoma and metastatic tumours","Yes","No","No"
"1439","tumours of the ovary and peritoneum","Yes","No","No"
"1440","tumours and related lesions of the rete ovarii","Yes","No","No"
"1441","miscellaneous tumours and tumour-like lesions","Yes","No","No"
"1442","lymphomas and leukaemias","Yes","No","No"
"1443","tumours of the fallopian tube and uterine ligaments","Yes","No","No"
"1444","epithelial tumours and related lesions","Yes","No","No"
"1445","mesenchymal tumours and related lesions","Yes","No","No"
"1446","endometrial stromal and related tumours","Yes","No","No"
"1447","mixed epithelial and mesenchymal tumours","Yes","No","No"
"1448","squamous tumours and precursors","Yes","No","No"
"1449","glandular tumours and precursors","Yes","No","No"
"1450","mixed epithelial and mesenchymal tumours","Yes","No","No"
"1451","glandular tumours","Yes","No","No"
"1452","mixed epithelial and mesenchymal tumours","Yes","No","No"
"1453","glandular tumours","Yes","No","No"
"1454","familial aggregation of cancers of the breast and female genital organs","Yes","No","No"
"1455","cystadenocarcinoma and columnar cell mucinous carcinoma","Yes","No","No"
"1456","microglandular adenosis","Yes","No","No"
"1457","proliferative fasciitis and proliferative myositis","Yes","No","No"
"1458","myositis ossificans and fibroosseous pseudotumour of digits","Yes","No","No"
"1459","extrapleural solitary fibrous tumour and haemangiopericytoma","Yes","No","No"
"1460","haemangioma and related lesions","Yes","No","No"
"1461","congenital and inherited syndromes","Yes","No","No"
"1462","enchondromatosis: ollier disease and maffucci syndrome","Yes","No","No"
"1463","acute monoblastic and monocytic leukaemia","Yes","No","No"
"1464","precursor b- and t-cell neoplasms","Yes","No","No"
"1465","mature t-cell and nk-cell neoplasms","Yes","No","No"
"1466","histiocytic and dendritic cell neoplasms","Yes","No","No"
"1467","neuronal and mixed neuronal-glial tumors","Yes","No","No"
"1468","neuroblastomas of the adrenal gland and sympathetic nervous system","Yes","No","No"
"1469","lymphomas and hemopoietic neoplasms","Yes","No","No"
"1470","secondary tumours and melanoma","Yes","No","No"
"1471","tumours of the colon and rectum","Yes","No","No"
"1472","tumours of the liver and intrahepatic bile ducts","Yes","No","No"
"1473","combined hepatocellular and cholangiocarcinoma","Yes","No","No"
"1474","bile duct cystadenoma and cystadenocarcinoma","Yes","No","No"
"1475","tumours of the gallbladder and extrahepatic bile ducts","Yes","No","No"
"1476","neural and mesenchymal tumours","Yes","No","No"
"1477","secondary tumours and melanoma","Yes","No","No"
"1478","fibrous, fibrohistiocytic and histiocytic tumours","Yes","No","Yes"
"1479","palisaded, encapsulated neuroma and traumatic neuroma","Yes","No","Yes"
"1480","tumours of the hypopharynx, larynx, and trachea","Yes","No","Yes"
"1481","familial paraganglioma-phaeochromocytoma syndromes caused by sdhb, sdhc, and sdhd mutations","Yes","No","Yes"
"1482","melanotic, germ cell, lymphoid and secondary tumours of the cervix","Yes","No","Yes"
"1483","melanotic, neuroectodermal, lymphoid and secondary tumours","Yes","No","Yes"
"1484","germ cell, neuroectodermal, lymphoid and secondary tumours","Yes","No","Yes"
"1485","myogenic, lipogenic, neural, and epithelial tumours","Yes","No","Yes"
"1486","acute myeloid leukaemia and myelodysplastic syndrome, therapy related","Yes","No","Yes"
"1487","precursor t-lymphoblastic leukaemia / lymphoma and precursor b-lymphoblastic leukaemia / lymphoma","Yes","Yes","No"
"1488","tumours containing both germ cell and sex cord / gonadal stromal elements","Yes","Yes","No"
"1489","mpnst with divergent mesenchymal and/or epithelial differentiation","Yes","Yes","No"
"1490","sex cord-like, neuroectodermal / neuroendocrine tumours, lymphomas and leukaemias","Yes","Yes","Yes"
"1491","acute promyelocytic leukaemia (aml with t(15;17)(q22;q12), (pml/rarα) and variants)","Yes","Yes","Yes"
